{
    "name": "root",
    "metadata": {
        "timer_format_version": "0.1.0",
        "start_time_seconds": "1615113713",
        "python_version": "3.7.9 (tags/v3.7.9:13c94747c7, Aug 17 2020, 18:58:18) [MSC v.1900 64 bit (AMD64)]",
        "command_line_arguments": "C:\\Users\\pablo\\Documents\\Universidad\\TFG\\venv_tfg\\Scripts\\mlagents-learn config/basic_config.yaml --run-id=Basic4",
        "mlagents_version": "0.24.0",
        "mlagents_envs_version": "0.24.0",
        "communication_protocol_version": "1.4.0",
        "pytorch_version": "1.7.1+cu110",
        "numpy_version": "1.20.1",
        "end_time_seconds": "1615113896"
    },
    "total": 182.7500966,
    "count": 1,
    "self": 0.012438599999995859,
    "children": {
        "run_training.setup": {
            "total": 0.16255979999999992,
            "count": 1,
            "self": 0.16255979999999992
        },
        "TrainerController.start_learning": {
            "total": 182.5750982,
            "count": 1,
            "self": 0.32154199999953903,
            "children": {
                "TrainerController._reset_env": {
                    "total": 5.8060384,
                    "count": 1,
                    "self": 5.8060384
                },
                "TrainerController.advance": {
                    "total": 176.21423780000046,
                    "count": 6261,
                    "self": 0.16250660000136463,
                    "children": {
                        "env_step": {
                            "total": 176.0517311999991,
                            "count": 6261,
                            "self": 164.0582317999992,
                            "children": {
                                "SubprocessEnvManager._take_step": {
                                    "total": 11.8497335000002,
                                    "count": 6261,
                                    "self": 0.668385300000141,
                                    "children": {
                                        "TorchPolicy.evaluate": {
                                            "total": 11.181348200000059,
                                            "count": 6254,
                                            "self": 3.1479341999998773,
                                            "children": {
                                                "TorchPolicy.sample_actions": {
                                                    "total": 8.033414000000182,
                                                    "count": 6254,
                                                    "self": 8.033414000000182
                                                }
                                            }
                                        }
                                    }
                                },
                                "workers": {
                                    "total": 0.14376589999970513,
                                    "count": 6260,
                                    "self": 0.0,
                                    "children": {
                                        "worker_root": {
                                            "total": 176.0449158999996,
                                            "count": 6260,
                                            "is_parallel": true,
                                            "self": 23.34708959999935,
                                            "children": {
                                                "steps_from_proto": {
                                                    "total": 0.0005644000000000204,
                                                    "count": 1,
                                                    "is_parallel": true,
                                                    "self": 0.00037880000000001246,
                                                    "children": {
                                                        "_process_vector_observation": {
                                                            "total": 0.00018560000000000798,
                                                            "count": 2,
                                                            "is_parallel": true,
                                                            "self": 0.00018560000000000798
                                                        }
                                                    }
                                                },
                                                "UnityEnvironment.step": {
                                                    "total": 152.69726190000026,
                                                    "count": 6260,
                                                    "is_parallel": true,
                                                    "self": 1.225511599999777,
                                                    "children": {
                                                        "UnityEnvironment._generate_step_input": {
                                                            "total": 0.9206603999999601,
                                                            "count": 6260,
                                                            "is_parallel": true,
                                                            "self": 0.9206603999999601
                                                        },
                                                        "communicator.exchange": {
                                                            "total": 146.61143919999986,
                                                            "count": 6260,
                                                            "is_parallel": true,
                                                            "self": 146.61143919999986
                                                        },
                                                        "steps_from_proto": {
                                                            "total": 3.9396507000006746,
                                                            "count": 6260,
                                                            "is_parallel": true,
                                                            "self": 2.4699622000005528,
                                                            "children": {
                                                                "_process_vector_observation": {
                                                                    "total": 1.4696885000001219,
                                                                    "count": 12520,
                                                                    "is_parallel": true,
                                                                    "self": 1.4696885000001219
                                                                }
                                                            }
                                                        }
                                                    }
                                                }
                                            }
                                        }
                                    }
                                }
                            }
                        }
                    }
                },
                "trainer_threads": {
                    "total": 5.029999999806023e-05,
                    "count": 1,
                    "self": 5.029999999806023e-05,
                    "children": {
                        "thread_root": {
                            "total": 0.0,
                            "count": 0,
                            "is_parallel": true,
                            "self": 0.0,
                            "children": {
                                "trainer_advance": {
                                    "total": 175.78039269999988,