{
    "name": "root",
    "metadata": {
        "timer_format_version": "0.1.0",
        "start_time_seconds": "1620370419",
        "python_version": "3.7.9 (tags/v3.7.9:13c94747c7, Aug 17 2020, 18:58:18) [MSC v.1900 64 bit (AMD64)]",
        "command_line_arguments": "C:\\Users\\pablo\\Documents\\Universidad\\TFG\\venv_tfg\\Scripts\\mlagents-learn config/basic_config.yaml --run-id=StaticObstacles1AgentNoCL_1",
        "mlagents_version": "0.24.0",
        "mlagents_envs_version": "0.24.0",
        "communication_protocol_version": "1.4.0",
        "pytorch_version": "1.7.1+cu110",
        "numpy_version": "1.20.1",
        "end_time_seconds": "1620370449"
    },
    "total": 30.5142593,
    "count": 1,
    "self": 0.01771800000000212,
    "children": {
        "run_training.setup": {
            "total": 0.20246350000000035,
            "count": 1,
            "self": 0.20246350000000035
        },
        "TrainerController.start_learning": {
            "total": 30.294077799999997,
            "count": 1,
            "self": 0.1007119000000074,
            "children": {
                "TrainerController._reset_env": {
                    "total": 6.1580864,
                    "count": 1,
                    "self": 6.1580864
                },
                "TrainerController.advance": {
                    "total": 23.822021699999986,
                    "count": 1283,
                    "self": 0.06424489999994876,
                    "children": {
                        "env_step": {
                            "total": 23.757776800000038,
                            "count": 1283,
                            "self": 19.707247500000065,
                            "children": {
                                "SubprocessEnvManager._take_step": {
                                    "total": 4.017887599999941,
                                    "count": 1283,
                                    "self": 0.17392479999995913,
                                    "children": {
                                        "TorchPolicy.evaluate": {
                                            "total": 3.843962799999982,
                                            "count": 1255,
                                            "self": 1.0248168000000408,
                                            "children": {
                                                "TorchPolicy.sample_actions": {
                                                    "total": 2.8191459999999413,
                                                    "count": 1255,
                                                    "self": 2.8191459999999413
                                                }
                                            }
                                        }
                                    }
                                },
                                "workers": {
                                    "total": 0.03264170000003119,
                                    "count": 1282,
                                    "self": 0.0,
                                    "children": {
                                        "worker_root": {
                                            "total": 23.882217199999953,
                                            "count": 1282,
                                            "is_parallel": true,
                                            "self": 6.841711899999954,
                                            "children": {
                                                "steps_from_proto": {
                                                    "total": 0.005081299999999622,
                                                    "count": 1,
                                                    "is_parallel": true,
                                                    "self": 0.0021191000000007065,
                                                    "children": {
                                                        "_process_vector_observation": {
                                                            "total": 0.0029621999999989157,
                                                            "count": 4,
                                                            "is_parallel": true,
                                                            "self": 0.0029621999999989157
                                                        }
                                                    }
                                                },
                                                "UnityEnvironment.step": {
                                                    "total": 17.035424,
                                                    "count": 1282,
                                                    "is_parallel": true,
                                                    "self": 0.25223430000013636,
                                                    "children": {
                                                        "UnityEnvironment._generate_step_input": {
                                                            "total": 0.22276559999997314,
                                                            "count": 1282,
                                                            "is_parallel": true,
                                                            "self": 0.22276559999997314
                                                        },
                                                        "communicator.exchange": {
                                                            "total": 15.696745699999939,
                                                            "count": 1282,
                                                            "is_parallel": true,
                                                            "self": 15.696745699999939
                                                        },
                                                        "steps_from_proto": {
                                                            "total": 0.8636783999999516,
                                                            "count": 1282,
                                                            "is_parallel": true,
                                                            "self": 0.44943179999982075,
                                                            "children": {
                                                                "_process_vector_observation": {
                                                                    "total": 0.4142466000001308,
                                                                    "count": 5128,
                                                                    "is_parallel": true,
                                                                    "self": 0.4142466000001308
                                                                }
                                                            }
                                                        }
                                                    }
                                                }
                                            }
                                        }
                                    }
                                }
                            }
                        }
                    }
                },
                "trainer_threads": {
                    "total": 3.219999999970469e-05,
                    "count": 1,
                    "self": 3.219999999970469e-05,
                    "children": {
                        "thread_root": {
                            "total": 0.0,
                            "count": 0,
                            "is_parallel": true,
                            "self": 0.0,