{
    "name": "root",
    "metadata": {
        "timer_format_version": "0.1.0",
        "start_time_seconds": "1615115222",
        "python_version": "3.7.9 (tags/v3.7.9:13c94747c7, Aug 17 2020, 18:58:18) [MSC v.1900 64 bit (AMD64)]",
        "command_line_arguments": "C:\\Users\\pablo\\Documents\\Universidad\\TFG\\venv_tfg\\Scripts\\mlagents-learn config/basic_config.yaml --run-id=Basic10",
        "mlagents_version": "0.24.0",
        "mlagents_envs_version": "0.24.0",
        "communication_protocol_version": "1.4.0",
        "pytorch_version": "1.7.1+cu110",
        "numpy_version": "1.20.1",
        "end_time_seconds": "1615115259"
    },
    "total": 36.822160000000004,
    "count": 1,
    "self": 0.01135810000000248,
    "children": {
        "run_training.setup": {
            "total": 0.15777970000000008,
            "count": 1,
            "self": 0.15777970000000008
        },
        "TrainerController.start_learning": {
            "total": 36.6530222,
            "count": 1,
            "self": 0.17690810000000567,
            "children": {
                "TrainerController._reset_env": {
                    "total": 5.4073272,
                    "count": 1,
                    "self": 5.4073272
                },
                "TrainerController.advance": {
                    "total": 30.918784199999997,
                    "count": 919,
                    "self": 0.02523800000003007,
                    "children": {
                        "env_step": {
                            "total": 30.893546199999967,
                            "count": 919,
                            "self": 28.750835000000002,
                            "children": {
                                "SubprocessEnvManager._take_step": {
                                    "total": 2.120565400000025,
                                    "count": 919,
                                    "self": 0.10742690000006583,
                                    "children": {
                                        "TorchPolicy.evaluate": {
                                            "total": 2.0131384999999593,
                                            "count": 919,
                                            "self": 0.5541553999999378,
                                            "children": {
                                                "TorchPolicy.sample_actions": {
                                                    "total": 1.4589831000000215,
                                                    "count": 919,
                                                    "self": 1.4589831000000215
                                                }
                                            }
                                        }
                                    }
                                },
                                "workers": {
                                    "total": 0.02214579999994104,
                                    "count": 918,
                                    "self": 0.0,
                                    "children": {
                                        "worker_root": {
                                            "total": 30.8678042,
                                            "count": 918,
                                            "is_parallel": true,
                                            "self": 3.889337999999995,
                                            "children": {
                                                "steps_from_proto": {
                                                    "total": 0.0006873999999994496,
                                                    "count": 1,
                                                    "is_parallel": true,
                                                    "self": 0.0004247999999993368,
                                                    "children": {
                                                        "_process_vector_observation": {
                                                            "total": 0.00026260000000011274,
                                                            "count": 2,
                                                            "is_parallel": true,
                                                            "self": 0.00026260000000011274
                                                        }
                                                    }
                                                },
                                                "UnityEnvironment.step": {
                                                    "total": 26.977778800000003,
                                                    "count": 918,
                                                    "is_parallel": true,
                                                    "self": 0.1662378000000153,
                                                    "children": {
                                                        "UnityEnvironment._generate_step_input": {
                                                            "total": 0.13170960000005927,
                                                            "count": 918,
                                                            "is_parallel": true,
                                                            "self": 0.13170960000005927
                                                        },
                                                        "communicator.exchange": {
                                                            "total": 26.166013900000003,
                                                            "count": 918,
                                                            "is_parallel": true,
                                                            "self": 26.166013900000003
                                                        },
                                                        "steps_from_proto": {
                                                            "total": 0.5138174999999272,
                                                            "count": 918,
                                                            "is_parallel": true,
                                                            "self": 0.33086259999997836,
                                                            "children": {
                                                                "_process_vector_observation": {
                                                                    "total": 0.18295489999994885,
                                                                    "count": 1836,
                                                                    "is_parallel": true,
                                                                    "self": 0.18295489999994885
                                                                }
                                                            }
                                                        }
                                                    }
                                                }
                                            }
                                        }
                                    }
                                }
                            }
                        }
                    }
                },
                "trainer_threads": {
                    "total": 2.5399999998398926e-05,
                    "count": 1,
                    "self": 2.5399999998398926e-05,
                    "children": {
                        "thread_root": {
                            "total": 0.0,
                            "count": 0,
                            "is_parallel": true,
                            "self": 0.0,
                            "children": {
                                "trainer_advance": {
                                    "total": 31.02232719999999,