{
    "name": "root",
    "gauges": {
        "BasicAgent.Policy.Entropy.mean": {
            "value": 0.30807802081108093,
            "min": 0.2842119336128235,
            "max": 1.5771496295928955,
            "count": 34
        },
        "BasicAgent.Policy.Entropy.sum": {
            "value": 1461.2139892578125,
            "min": 1419.638671875,
            "max": 8630.1630859375,
            "count": 34
        },
        "BasicAgent.Environment.EpisodeLength.mean": {
            "value": 15.952727272727273,
            "min": 10.579572446555819,
            "max": 33.80625,
            "count": 34
        },
        "BasicAgent.Environment.EpisodeLength.sum": {
            "value": 4387.0,
            "min": 4199.0,
            "max": 5409.0,
            "count": 34
        },
        "BasicAgent.Policy.ExtrinsicValueEstimate.mean": {
            "value": 83.64904022216797,
            "min": -7.012329578399658,
            "max": 89.76487731933594,
            "count": 34
        },
        "BasicAgent.Policy.ExtrinsicValueEstimate.sum": {
            "value": 24509.16796875,
            "min": -1227.15771484375,
            "max": 38598.8984375,
            "count": 34
        },
        "BasicAgent.Environment.CumulativeReward.mean": {
            "value": 85.11965554993728,
            "min": -10.853594237682866,
            "max": 91.25302387060121,
            "count": 34
        },
        "BasicAgent.Environment.CumulativeReward.sum": {
            "value": 24684.70010948181,
            "min": -1660.5999183654785,
            "max": 39238.80026435852,
            "count": 34
        },
        "BasicAgent.Policy.ExtrinsicReward.mean": {
            "value": 85.11965554993728,
            "min": -10.853594237682866,
            "max": 91.25302387060121,
            "count": 34
        },
        "BasicAgent.Policy.ExtrinsicReward.sum": {
            "value": 24684.70010948181,
            "min": -1660.5999183654785,
            "max": 39238.80026435852,
            "count": 34
        },
        "BasicAgent.Losses.PolicyLoss.mean": {
            "value": 0.24371715176522388,
            "min": 0.23806164042677705,
            "max": 0.2612130670377444,
            "count": 34
        },
        "BasicAgent.Losses.PolicyLoss.sum": {
            "value": 3.4120401247131342,
            "min": 2.2798209257844917,
            "max": 4.999294448962318,
            "count": 34
        },
        "BasicAgent.Losses.ValueLoss.mean": {
            "value": 476.1012490538793,
            "min": 57.744116799661036,
            "max": 812.8296884926731,
            "count": 34
        },
        "BasicAgent.Losses.ValueLoss.sum": {
            "value": 6665.417486754311,
            "min": 635.1852847962714,
            "max": 11379.615638897423,
            "count": 34
        },
        "BasicAgent.Policy.LearningRate.mean": {
            "value": 0.00019957254776154282,
            "min": 0.00019957254776154282,
            "max": 0.00029885078220125453,
            "count": 34
        },
        "BasicAgent.Policy.LearningRate.sum": {
            "value": 0.0027940156686615996,
            "min": 0.0025026657657782007,
            "max": 0.0059546593151135994,
            "count": 34
        },
        "BasicAgent.Policy.Epsilon.mean": {
            "value": 0.16652417142857148,
            "min": 0.16652417142857148,
            "max": 0.19961692727272728,
            "count": 34
        },
        "BasicAgent.Policy.Epsilon.sum": {
            "value": 2.331338400000001,
            "min": 1.7861698000000001,
            "max": 4.0848864,
            "count": 34
        },
        "BasicAgent.Policy.Beta.mean": {
            "value": 0.00033596844,
            "min": 0.00033596844,
            "max": 0.0004981229436363637,
            "count": 34
        },
        "BasicAgent.Policy.Beta.sum": {
            "value": 0.00470355816,
            "min": 0.004207686820000001,
            "max": 0.00993594336,
            "count": 34
        },
        "BasicAgent.IsTraining.mean": {
            "value": 1.0,
            "min": 1.0,
            "max": 1.0,
            "count": 34
        },
        "BasicAgent.IsTraining.sum": {
            "value": 1.0,
            "min": 1.0,
            "max": 1.0,
            "count": 34
        }
    },
    "metadata": {
        "timer_format_version": "0.1.0",
        "start_time_seconds": "1615804354",
        "python_version": "3.7.9 (tags/v3.7.9:13c94747c7, Aug 17 2020, 18:58:18) [MSC v.1900 64 bit (AMD64)]",
        "command_line_arguments": "C:\\Users\\pablo\\Documents\\Universidad\\TFG\\venv_tfg\\Scripts\\mlagents-learn config/basic_config.yaml --run-id=BasicRotation3Obstacles3",
        "mlagents_version": "0.24.0",
        "mlagents_envs_version": "0.24.0",
        "communication_protocol_version": "1.4.0",
        "pytorch_version": "1.7.1+cu110",
        "numpy_version": "1.20.1",
        "end_time_seconds": "1615805292"
    },
    "total": 938.2426730999999,
    "count": 1,
    "self": 0.010748099999887017,
    "children": {
        "run_training.setup": {
            "total": 0.1519982000000002,
            "count": 1,
            "self": 0.1519982000000002
        },
        "TrainerController.start_learning": {
            "total": 938.0799268000001,
            "count": 1,
            "self": 2.403805700004682,
            "children": {
                "TrainerController._reset_env": {
                    "total": 6.2988716,
                    "count": 1,
                    "self": 6.2988716
                },
                "TrainerController.advance": {
                    "total": 929.2209741999953,
                    "count": 28267,
                    "self": 0.855624799980319,
                    "children": {
                        "env_step": {
                            "total": 928.365349400015,
                            "count": 28267,
                            "self": 845.0519970000196,
                            "children": {
                                "SubprocessEnvManager._take_step": {
                                    "total": 82.5240854999937,
                                    "count": 28267,
                                    "self": 2.726472899996196,
                                    "children": {
                                        "TorchPolicy.evaluate": {
                                            "total": 79.7976125999975,
                                            "count": 19262,
                                            "self": 18.876210699993337,
                                            "children": {
                                                "TorchPolicy.sample_actions": {
                                                    "total": 60.92140190000417,
                                                    "count": 19262,
                                                    "self": 60.92140190000417
                                                }
                                            }
                                        }
                                    }
                                },
                                "workers": {
                                    "total": 0.7892669000017207,
                                    "count": 28267,
                                    "self": 0.0,
                                    "children": {
                                        "worker_root": {
                                            "total": 928.9073235000058,
                                            "count": 28267,
                                            "is_parallel": true,
                                            "self": 369.65988440000456,
                                            "children": {
                                                "steps_from_proto": {
                                                    "total": 0.001249099999999892,