{
    "name": "root",
    "gauges": {
        "BasicAgent.Policy.Entropy.mean": {
            "value": 1.491575837135315,
            "min": 1.491575837135315,
            "max": 1.6013916730880737,
            "count": 17
        },
        "BasicAgent.Policy.Entropy.sum": {
            "value": 7517.5419921875,
            "min": 7334.08984375,
            "max": 11068.8193359375,
            "count": 17
        },
        "BasicAgent.Environment.LessonNumber.active_obstacles.mean": {
            "value": 0.0,
            "min": 0.0,
            "max": 0.0,
            "count": 17
        },
        "BasicAgent.Environment.LessonNumber.active_obstacles.sum": {
            "value": 0.0,
            "min": 0.0,
            "max": 0.0,
            "count": 17
        },
        "BasicAgent.Environment.LessonNumber.max_obstacle_speed.mean": {
            "value": 0.0,
            "min": 0.0,
            "max": 0.0,
            "count": 17
        },
        "BasicAgent.Environment.LessonNumber.max_obstacle_speed.sum": {
            "value": 0.0,
            "min": 0.0,
            "max": 0.0,
            "count": 17
        },
        "BasicAgent.Policy.ExtrinsicValueEstimate.mean": {
            "value": -12.564859390258789,
            "min": -15.33704662322998,
            "max": -3.044203519821167,
            "count": 17
        },
        "BasicAgent.Policy.ExtrinsicValueEstimate.sum": {
            "value": -1030.3184814453125,
            "min": -1303.64892578125,
            "max": -237.4478759765625,
            "count": 17
        },
        "BasicAgent.Policy.GailValueEstimate.mean": {
            "value": 53.33621597290039,
            "min": 11.157707214355469,
            "max": 53.33621597290039,
            "count": 17
        },
        "BasicAgent.Policy.GailValueEstimate.sum": {
            "value": 4373.56982421875,
            "min": 870.3011474609375,
            "max": 4373.56982421875,
            "count": 17
        },
        "BasicAgent.Environment.EpisodeLength.mean": {
            "value": 482.25,
            "min": 147.5,
            "max": 875.6,
            "count": 17
        },
        "BasicAgent.Environment.EpisodeLength.sum": {
            "value": 3858.0,
            "min": 295.0,
            "max": 8756.0,
            "count": 17
        },
        "BasicAgent.Losses.PolicyLoss.mean": {
            "value": 0.25467362879270244,
            "min": 0.23988236499012264,
            "max": 0.25643407139761676,
            "count": 17
        },
        "BasicAgent.Losses.PolicyLoss.sum": {
            "value": 1.0186945151708098,
            "min": 0.7196470949703679,
            "max": 1.2579259599870136,
            "count": 17
        },
        "BasicAgent.Losses.ValueLoss.mean": {
            "value": 11.945158297102726,
            "min": 5.118233815288426,
            "max": 17.837109204184056,
            "count": 17
        },
        "BasicAgent.Losses.ValueLoss.sum": {
            "value": 47.7806331884109,
            "min": 20.472935261153705,
            "max": 71.34843681673622,
            "count": 17
        },
        "BasicAgent.Policy.LearningRate.mean": {
            "value": 0.00029752326082558,
            "min": 0.00029752326082558,
            "max": 0.0002999235400254867,
            "count": 17
        },
        "BasicAgent.Policy.LearningRate.sum": {
            "value": 0.00119009304330232,
            "min": 0.00089977062007646,
            "max": 0.00149663958112014,
            "count": 17
        },
        "BasicAgent.Policy.Epsilon.mean": {
            "value": 0.19917442000000005,
            "min": 0.19917442000000005,
            "max": 0.19997451333333335,
            "count": 17
        },
        "BasicAgent.Policy.Epsilon.sum": {
            "value": 0.7966976800000002,
            "min": 0.59992354,
            "max": 0.9988798600000001,
            "count": 17
        },
        "BasicAgent.Policy.Beta.mean": {
            "value": 0.000495954658,
            "min": 0.000495954658,
            "max": 0.0004998751153333333,
            "count": 17
        },
        "BasicAgent.Policy.Beta.sum": {
            "value": 0.001983818632,
            "min": 0.0014996253459999998,
            "max": 0.002494511314,
            "count": 17
        },
        "BasicAgent.Policy.GAILPolicyEstimate.mean": {
            "value": 0.3085775038840971,
            "min": 0.26549788023851506,
            "max": 0.3564156457826382,
            "count": 17
        },
        "BasicAgent.Policy.GAILPolicyEstimate.sum": {
            "value": 1.2343100155363884,
            "min": 0.8755124240002483,
            "max": 1.7123475012955136,
            "count": 17
        },
        "BasicAgent.Policy.GAILExpertEstimate.mean": {
            "value": 0.7139132671133932,
            "min": 0.6558698504129211,
            "max": 0.7391920941610377,
            "count": 17
        },
        "BasicAgent.Policy.GAILExpertEstimate.sum": {
            "value": 2.855653068453573,
            "min": 1.9676095512387635,
            "max": 3.6959604708051885,
            "count": 17
        },
        "BasicAgent.Losses.GAILLoss.mean": {
            "value": 0.809141019733031,
            "min": 0.6974573850503047,
            "max": 0.9266735353544991,
            "count": 17
        },
        "BasicAgent.Losses.GAILLoss.sum": {
            "value": 3.236564078932124,
            "min": 2.489670998390971,
            "max": 4.571466925018719,
            "count": 17
        },
        "BasicAgent.Policy.GAILGradMagLoss.mean": {
            "value": 0.0887798329232441,
            "min": 0.0694409956645154,
            "max": 0.8861689834393633,
            "count": 17
        },
        "BasicAgent.Policy.GAILGradMagLoss.sum": {
            "value": 0.3551193316929764,
            "min": 0.2777639826580616,
            "max": 2.65850695031809,
            "count": 17
        },
        "BasicAgent.Environment.CumulativeReward.mean": {
            "value": -83.08443795310126,
            "min": -83.08443795310126,
            "max": -41.79999804496765,
            "count": 17
        },
        "BasicAgent.Environment.CumulativeReward.sum": {
            "value": -747.7599415779114,
            "min": -904.8799405097961,
            "max": -83.5999960899353,
            "count": 17
        },
        "BasicAgent.Policy.ExtrinsicReward.mean": {
            "value": -83.08443795310126,
            "min": -83.08443795310126,
            "max": -41.79999804496765,
            "count": 17
        },
        "BasicAgent.Policy.ExtrinsicReward.sum": {
            "value": -747.7599415779114,
            "min": -904.8799405097961,
            "max": -83.5999960899353,
            "count": 17
        },
        "BasicAgent.Policy.GailReward.mean": {
            "value": 310.140584665868,
            "min": 46.272109031677246,
            "max": 420.8191878348589,
            "count": 17
        },
        "BasicAgent.Policy.GailReward.sum": {
            "value": 2791.265261992812,
            "min": 92.54421806335449,
            "max": 3366.553502678871,
            "count": 17
        },
        "BasicAgent.IsTraining.mean": {
            "value": 1.0,
            "min": 1.0,
            "max": 1.0,
            "count": 17
        },
        "BasicAgent.IsTraining.sum": {
            "value": 1.0,
            "min": 1.0,
            "max": 1.0,
            "count": 17
        }
    },
    "metadata": {
        "timer_format_version": "0.1.0",
        "start_time_seconds": "1618227175",
        "python_version": "3.7.9 (tags/v3.7.9:13c94747c7, Aug 17 2020, 18:58:18) [MSC v.1900 64 bit (AMD64)]",
        "command_line_arguments": "C:\\Users\\pablo\\Documents\\Universidad\\TFG\\venv_tfg\\Scripts\\mlagents-learn config/basic_config.yaml --run-id=MovingObstacles_GAIL_4",
        "mlagents_version": "0.24.0",
        "mlagents_envs_version": "0.24.0",
        "communication_protocol_version": "1.4.0",