{
    "name": "root",
    "gauges": {
        "BasicAgent.Policy.Entropy.mean": {
            "value": 0.40358373522758484,
            "min": 0.3451615571975708,
            "max": 0.9372339844703674,
            "count": 193
        },
        "BasicAgent.Policy.Entropy.sum": {
            "value": 2034.06201171875,
            "min": 1553.22705078125,
            "max": 5526.29296875,
            "count": 193
        },
        "BasicAgent.Environment.LessonNumber.active_obstacles.mean": {
            "value": 3.0,
            "min": 0.0,
            "max": 3.0,
            "count": 193
        },
        "BasicAgent.Environment.LessonNumber.active_obstacles.sum": {
            "value": 3.0,
            "min": 0.0,
            "max": 3.0,
            "count": 193
        },
        "BasicAgent.Environment.LessonNumber.max_obstacle_speed.mean": {
            "value": 0.0,
            "min": 0.0,
            "max": 0.0,
            "count": 193
        },
        "BasicAgent.Environment.LessonNumber.max_obstacle_speed.sum": {
            "value": 0.0,
            "min": 0.0,
            "max": 0.0,
            "count": 193
        },
        "BasicAgent.Environment.EpisodeLength.mean": {
            "value": 48.927927927927925,
            "min": 29.642857142857142,
            "max": 204.46938775510205,
            "count": 193
        },
        "BasicAgent.Environment.EpisodeLength.sum": {
            "value": 5431.0,
            "min": 1660.0,
            "max": 10019.0,
            "count": 193
        },
        "BasicAgent.Policy.ExtrinsicValueEstimate.mean": {
            "value": 87.27241516113281,
            "min": 25.973163604736328,
            "max": 88.15950775146484,
            "count": 193
        },
        "BasicAgent.Policy.ExtrinsicValueEstimate.sum": {
            "value": 10821.779296875,
            "min": 2337.584716796875,
            "max": 12297.1025390625,
            "count": 193
        },
        "BasicAgent.Environment.CumulativeReward.mean": {
            "value": 109.93791202198375,
            "min": 54.63083585103353,
            "max": 116.5952409290132,
            "count": 193
        },
        "BasicAgent.Environment.CumulativeReward.sum": {
            "value": 12093.170322418213,
            "min": 1311.1400604248047,
            "max": 14599.04969882965,
            "count": 193
        },
        "BasicAgent.Policy.ExtrinsicReward.mean": {
            "value": 109.93791202198375,
            "min": 54.63083585103353,
            "max": 116.5952409290132,
            "count": 193
        },
        "BasicAgent.Policy.ExtrinsicReward.sum": {
            "value": 12093.170322418213,
            "min": 1311.1400604248047,
            "max": 14599.04969882965,
            "count": 193
        },
        "BasicAgent.Losses.PolicyLoss.mean": {
            "value": 0.23860085653062738,
            "min": 0.23336617721342642,
            "max": 0.2634155854048213,
            "count": 193
        },
        "BasicAgent.Losses.PolicyLoss.sum": {
            "value": 1.4316051391837643,
            "min": 0.7902467562144638,
            "max": 2.0022962692521986,
            "count": 193
        },
        "BasicAgent.Losses.ValueLoss.mean": {
            "value": 157.7104872542328,
            "min": 103.5859117324224,
            "max": 627.899625693752,
            "count": 193
        },
        "BasicAgent.Losses.ValueLoss.sum": {
            "value": 946.2629235253968,
            "min": 532.9547080006178,
            "max": 3048.8653225012313,
            "count": 193
        },
        "BasicAgent.Policy.LearningRate.mean": {
            "value": 0.0002678324207225301,
            "min": 0.0002678324207225301,
            "max": 0.0002965915411361533,
            "count": 193
        },
        "BasicAgent.Policy.LearningRate.sum": {
            "value": 0.0016069945243351804,
            "min": 0.0008897746234084599,
            "max": 0.00237184716938428,
            "count": 193
        },
        "BasicAgent.Policy.Epsilon.mean": {
            "value": 0.18927747000000006,
            "min": 0.18927747000000006,
            "max": 0.19886384666666665,
            "count": 193
        },
        "BasicAgent.Policy.Epsilon.sum": {
            "value": 1.1356648200000004,
            "min": 0.5965915399999999,
            "max": 1.5906157200000002,
            "count": 193
        },
        "BasicAgent.Policy.Beta.mean": {
            "value": 0.000447459603,
            "min": 0.000447459603,
            "max": 0.0004944328486666667,
            "count": 193
        },
        "BasicAgent.Policy.Beta.sum": {
            "value": 0.002684757618,
            "min": 0.001483298546,
            "max": 0.003954017027999999,
            "count": 193
        },
        "BasicAgent.IsTraining.mean": {
            "value": 1.0,
            "min": 1.0,
            "max": 1.0,
            "count": 193
        },
        "BasicAgent.IsTraining.sum": {
            "value": 1.0,
            "min": 1.0,
            "max": 1.0,
            "count": 193
        }
    },
    "metadata": {
        "timer_format_version": "0.1.0",
        "start_time_seconds": "1619042139",
        "python_version": "3.7.9 (tags/v3.7.9:13c94747c7, Aug 17 2020, 18:58:18) [MSC v.1900 64 bit (AMD64)]",
        "command_line_arguments": "C:\\Users\\pablo\\Documents\\Universidad\\TFG\\venv_tfg\\Scripts\\mlagents-learn config/basic_config.yaml --run-id=SelfPlay_Flag_NoTool_SingleWFlag_5 --resume",
        "mlagents_version": "0.24.0",
        "mlagents_envs_version": "0.24.0",
        "communication_protocol_version": "1.4.0",
        "pytorch_version": "1.7.1+cu110",
        "numpy_version": "1.20.1",
        "end_time_seconds": "1619045748"
    },
    "total": 3608.5141843,
    "count": 1,
    "self": 0.02183690000038041,
    "children": {
        "run_training.setup": {
            "total": 0.16551210000000016,
            "count": 1,
            "self": 0.16551210000000016
        },
        "TrainerController.start_learning": {
            "total": 3608.3268353,
            "count": 1,
            "self": 4.042455200005861,
            "children": {
                "TrainerController._reset_env": {
                    "total": 8.227512000000003,
                    "count": 2,
                    "self": 8.227512000000003
                },
                "TrainerController.advance": {
                    "total": 3595.871121599994,
                    "count": 39617,
                    "self": 2.9860205000095448,
                    "children": {
                        "env_step": {
                            "total": 3592.8851010999842,
                            "count": 39617,
                            "self": 3456.36745830005,
                            "children": {
                                "SubprocessEnvManager._take_step": {
                                    "total": 135.41067379998697,
                                    "count": 39617,
                                    "self": 4.5380329000252,
                                    "children": {
                                        "TorchPolicy.evaluate": {
                                            "total": 130.87264089996177,
                                            "count": 26836,
                                            "self": 29.41395019995764,
                                            "children": {
                                                "TorchPolicy.sample_actions": {
                                                    "total": 101.45869070000413,
                                                    "count": 26836,
                                                    "self": 101.45869070000413
                                                }
                                            }
                                        }
                                    }
                                },