{
    "name": "root",
    "gauges": {
        "BasicAgent.Policy.Entropy.mean": {
            "value": 0.6126994490623474,
            "min": 0.5881106853485107,
            "max": 1.5873008966445923,
            "count": 68
        },
        "BasicAgent.Policy.Entropy.sum": {
            "value": 3132.11962890625,
            "min": 2787.215087890625,
            "max": 9714.28125,
            "count": 68
        },
        "BasicAgent.Environment.LessonNumber.active_obstacles.mean": {
            "value": 1.0,
            "min": 0.0,
            "max": 1.0,
            "count": 68
        },
        "BasicAgent.Environment.LessonNumber.active_obstacles.sum": {
            "value": 1.0,
            "min": 0.0,
            "max": 1.0,
            "count": 68
        },
        "BasicAgent.Environment.LessonNumber.max_obstacle_speed.mean": {
            "value": 0.0,
            "min": 0.0,
            "max": 0.0,
            "count": 68
        },
        "BasicAgent.Environment.LessonNumber.max_obstacle_speed.sum": {
            "value": 0.0,
            "min": 0.0,
            "max": 0.0,
            "count": 68
        },
        "BasicAgent.Environment.EpisodeLength.mean": {
            "value": 30.806451612903224,
            "min": 28.977272727272727,
            "max": 63.075949367088604,
            "count": 68
        },
        "BasicAgent.Environment.EpisodeLength.sum": {
            "value": 4775.0,
            "min": 4348.0,
            "max": 5773.0,
            "count": 68
        },
        "BasicAgent.Policy.ExtrinsicValueEstimate.mean": {
            "value": 58.246517181396484,
            "min": -17.45015525817871,
            "max": 64.37055206298828,
            "count": 68
        },
        "BasicAgent.Policy.ExtrinsicValueEstimate.sum": {
            "value": 9435.935546875,
            "min": -2704.774169921875,
            "max": 10187.60546875,
            "count": 68
        },
        "BasicAgent.Policy.GailValueEstimate.mean": {
            "value": 142.42337036132812,
            "min": 2.3827624320983887,
            "max": 337.9094543457031,
            "count": 68
        },
        "BasicAgent.Policy.GailValueEstimate.sum": {
            "value": 23072.5859375,
            "min": 369.32818603515625,
            "max": 55471.1328125,
            "count": 68
        },
        "BasicAgent.Environment.CumulativeReward.mean": {
            "value": 57.38481058048296,
            "min": -28.234145792519175,
            "max": 64.3050372995061,
            "count": 68
        },
        "BasicAgent.Environment.CumulativeReward.sum": {
            "value": 9066.800071716309,
            "min": -3472.7999324798584,
            "max": 9490.000133514404,
            "count": 68
        },
        "BasicAgent.Policy.ExtrinsicReward.mean": {
            "value": 57.38481058048296,
            "min": -28.234145792519175,
            "max": 64.3050372995061,
            "count": 68
        },
        "BasicAgent.Policy.ExtrinsicReward.sum": {
            "value": 9066.800071716309,
            "min": -3472.7999324798584,
            "max": 9490.000133514404,
            "count": 68
        },
        "BasicAgent.Policy.GailReward.mean": {
            "value": 0.9407451441629401,
            "min": 0.55872266183842,
            "max": 2.1061164931822063,
            "count": 68
        },
        "BasicAgent.Policy.GailReward.sum": {
            "value": 148.63773277774453,
            "min": 68.72288740612566,
            "max": 188.89717058092356,
            "count": 68
        },
        "BasicAgent.Losses.PolicyLoss.mean": {
            "value": 0.24990976457872405,
            "min": 0.23794634970694695,
            "max": 0.2616178691079944,
            "count": 68
        },
        "BasicAgent.Losses.PolicyLoss.sum": {
            "value": 1.9992781166297924,
            "min": 1.4607171276423982,
            "max": 2.354461397625247,
            "count": 68
        },
        "BasicAgent.Losses.ValueLoss.mean": {
            "value": 405.6649787175046,
            "min": 106.74278192254526,
            "max": 996.4926077481782,
            "count": 68
        },
        "BasicAgent.Losses.ValueLoss.sum": {
            "value": 3245.3198297400368,
            "min": 747.1994734578168,
            "max": 8385.064188671167,
            "count": 68
        },
        "BasicAgent.Policy.LearningRate.mean": {
            "value": 0.0002898720558759825,
            "min": 0.0002898720558759825,
            "max": 0.0002999421557335671,
            "count": 68
        },
        "BasicAgent.Policy.LearningRate.sum": {
            "value": 0.00231897644700786,
            "min": 0.0017815821661392802,
            "max": 0.0026547510150829994,
            "count": 68
        },
        "BasicAgent.Policy.Epsilon.mean": {
            "value": 0.19662401750000003,
            "min": 0.19662401750000003,
            "max": 0.19998071857142863,
            "count": 68
        },
        "BasicAgent.Policy.Epsilon.sum": {
            "value": 1.5729921400000002,
            "min": 1.19386072,
            "max": 1.784917,
            "count": 68
        },
        "BasicAgent.Policy.Beta.mean": {
            "value": 0.00048345768575,
            "min": 0.00048345768575,
            "max": 0.000499905521,
            "count": 68
        },
        "BasicAgent.Policy.Beta.sum": {
            "value": 0.003867661486,
            "min": 0.0029699175279999995,
            "max": 0.004426093299999999,
            "count": 68
        },
        "BasicAgent.Policy.GAILPolicyEstimate.mean": {
            "value": 0.36803356397191145,
            "min": 0.2431171870805709,
            "max": 0.44477425974320967,
            "count": 68
        },
        "BasicAgent.Policy.GAILPolicyEstimate.sum": {
            "value": 2.9442685117752916,
            "min": 1.7018203095639963,
            "max": 3.726928172368799,
            "count": 68
        },
        "BasicAgent.Policy.GAILExpertEstimate.mean": {
            "value": 0.6355647417486661,
            "min": 0.5681412374138805,
            "max": 0.7618530064220931,
            "count": 68
        },
        "BasicAgent.Policy.GAILExpertEstimate.sum": {
            "value": 5.0845179339893285,
            "min": 3.408847424483283,
            "max": 5.791250582880308,
            "count": 68
        },
        "BasicAgent.Losses.GAILLoss.mean": {
            "value": 1.0314588741071702,
            "min": 0.5921828617126222,
            "max": 1.2145090855668548,
            "count": 68
        },
        "BasicAgent.Losses.GAILLoss.sum": {
            "value": 8.251670992857361,
            "min": 4.145280031988356,
            "max": 10.448550490537396,
            "count": 68
        },
        "BasicAgent.Policy.GAILGradMagLoss.mean": {
            "value": 0.03193100566667095,
            "min": 0.02034575380143247,
            "max": 2.2876659493422404,
            "count": 68
        },
        "BasicAgent.Policy.GAILGradMagLoss.sum": {
            "value": 0.2554480453333676,
            "min": 0.1424202766100273,
            "max": 16.013661645395683,
            "count": 68
        },
        "BasicAgent.IsTraining.mean": {
            "value": 1.0,
            "min": 1.0,
            "max": 1.0,
            "count": 68
        },
        "BasicAgent.IsTraining.sum": {
            "value": 1.0,
            "min": 1.0,
            "max": 1.0,
            "count": 68
        }
    },
    "metadata": {
        "timer_format_version": "0.1.0",
        "start_time_seconds": "1618306131",
        "python_version": "3.7.9 (tags/v3.7.9:13c94747c7, Aug 17 2020, 18:58:18) [MSC v.1900 64 bit (AMD64)]",
        "command_line_arguments": "C:\\Users\\pablo\\Documents\\Universidad\\TFG\\venv_tfg\\Scripts\\mlagents-learn config/basic_config.yaml --run-id=MovingObstacles_GAIL_17",
        "mlagents_version": "0.24.0",
        "mlagents_envs_version": "0.24.0",