{
    "name": "root",
    "gauges": {
        "BasicAgent.Policy.Entropy.mean": {
            "value": 0.40500953793525696,
            "min": 0.31556227803230286,
            "max": 1.5838913917541504,
            "count": 34
        },
        "BasicAgent.Policy.Entropy.sum": {
            "value": 2066.763671875,
            "min": 1605.1702880859375,
            "max": 9379.8046875,
            "count": 34
        },
        "BasicAgent.Environment.LessonNumber.active_obstacles.mean": {
            "value": 2.0,
            "min": 0.0,
            "max": 2.0,
            "count": 34
        },
        "BasicAgent.Environment.LessonNumber.active_obstacles.sum": {
            "value": 2.0,
            "min": 0.0,
            "max": 2.0,
            "count": 34
        },
        "BasicAgent.Environment.LessonNumber.max_obstacle_speed.mean": {
            "value": 2.0,
            "min": 0.0,
            "max": 2.0,
            "count": 34
        },
        "BasicAgent.Environment.LessonNumber.max_obstacle_speed.sum": {
            "value": 2.0,
            "min": 0.0,
            "max": 2.0,
            "count": 34
        },
        "BasicAgent.Environment.EpisodeLength.mean": {
            "value": 16.196666666666665,
            "min": 13.727272727272727,
            "max": 50.613207547169814,
            "count": 34
        },
        "BasicAgent.Environment.EpisodeLength.sum": {
            "value": 4859.0,
            "min": 4258.0,
            "max": 5365.0,
            "count": 34
        },
        "BasicAgent.Policy.ExtrinsicValueEstimate.mean": {
            "value": 38.739803314208984,
            "min": -13.19080924987793,
            "max": 89.22114562988281,
            "count": 34
        },
        "BasicAgent.Policy.ExtrinsicValueEstimate.sum": {
            "value": 11389.501953125,
            "min": -1820.3316650390625,
            "max": 29264.53515625,
            "count": 34
        },
        "BasicAgent.Environment.CumulativeReward.mean": {
            "value": 31.15342477902974,
            "min": -29.674192582407304,
            "max": 93.42469558483216,
            "count": 34
        },
        "BasicAgent.Environment.CumulativeReward.sum": {
            "value": 9096.800035476685,
            "min": -2759.6999101638794,
            "max": 30643.30015182495,
            "count": 34
        },
        "BasicAgent.Policy.ExtrinsicReward.mean": {
            "value": 31.15342477902974,
            "min": -29.674192582407304,
            "max": 93.42469558483216,
            "count": 34
        },
        "BasicAgent.Policy.ExtrinsicReward.sum": {
            "value": 9096.800035476685,
            "min": -2759.6999101638794,
            "max": 30643.30015182495,
            "count": 34
        },
        "BasicAgent.Losses.PolicyLoss.mean": {
            "value": 0.2507002973432969,
            "min": 0.2319238149430727,
            "max": 0.2615339370651143,
            "count": 34
        },
        "BasicAgent.Losses.PolicyLoss.sum": {
            "value": 3.7605044601494533,
            "min": 1.5439895638629677,
            "max": 4.3274691340467735,
            "count": 34
        },
        "BasicAgent.Losses.ValueLoss.mean": {
            "value": 2251.4387932279565,
            "min": 176.90988475196897,
            "max": 2470.444063666975,
            "count": 34
        },
        "BasicAgent.Losses.ValueLoss.sum": {
            "value": 33771.58189841935,
            "min": 1592.1889627677208,
            "max": 41997.54908233858,
            "count": 34
        },
        "BasicAgent.Policy.LearningRate.mean": {
            "value": 0.00019955631348124,
            "min": 0.00019955631348124,
            "max": 0.00029871740042753336,
            "count": 34
        },
        "BasicAgent.Policy.LearningRate.sum": {
            "value": 0.0029933447022186,
            "min": 0.0017722548092484,
            "max": 0.0046314966561677995,
            "count": 34
        },
        "BasicAgent.Policy.Epsilon.mean": {
            "value": 0.16651876000000004,
            "min": 0.16651876000000004,
            "max": 0.1995724666666667,
            "count": 34
        },
        "BasicAgent.Policy.Epsilon.sum": {
            "value": 2.4977814000000005,
            "min": 1.1907516000000002,
            "max": 3.1438322000000003,
            "count": 34
        },
        "BasicAgent.Policy.Beta.mean": {
            "value": 0.000335941924,
            "min": 0.000335941924,
            "max": 0.0004979050866666666,
            "count": 34
        },
        "BasicAgent.Policy.Beta.sum": {
            "value": 0.00503912886,
            "min": 0.0029546828400000003,
            "max": 0.007724777779999999,
            "count": 34
        },
        "BasicAgent.IsTraining.mean": {
            "value": 1.0,
            "min": 1.0,
            "max": 1.0,
            "count": 34
        },
        "BasicAgent.IsTraining.sum": {
            "value": 1.0,
            "min": 1.0,
            "max": 1.0,
            "count": 34
        }
    },
    "metadata": {
        "timer_format_version": "0.1.0",
        "start_time_seconds": "1617470112",
        "python_version": "3.7.9 (tags/v3.7.9:13c94747c7, Aug 17 2020, 18:58:18) [MSC v.1900 64 bit (AMD64)]",
        "command_line_arguments": "C:\\Users\\pablo\\Documents\\Universidad\\TFG\\venv_tfg\\Scripts\\mlagents-learn config/basic_config.yaml --run-id=MovingObstaclesNoLSTM14",
        "mlagents_version": "0.24.0",
        "mlagents_envs_version": "0.24.0",
        "communication_protocol_version": "1.4.0",
        "pytorch_version": "1.7.1+cu110",
        "numpy_version": "1.20.1",
        "end_time_seconds": "1617470947"
    },
    "total": 834.8839749,
    "count": 1,
    "self": 0.025177999999982603,
    "children": {
        "run_training.setup": {
            "total": 0.21420110000000014,
            "count": 1,
            "self": 0.21420110000000014
        },
        "TrainerController.start_learning": {
            "total": 834.6445958,
            "count": 1,
            "self": 7.243396099998904,
            "children": {
                "TrainerController._reset_env": {
                    "total": 5.842886399999999,
                    "count": 1,
                    "self": 5.842886399999999
                },
                "TrainerController.advance": {
                    "total": 821.2613152000011,
                    "count": 27026,
                    "self": 1.783165700008567,
                    "children": {
                        "env_step": {
                            "total": 819.4781494999926,
                            "count": 27026,
                            "self": 742.8860180999762,
                            "children": {
                                "SubprocessEnvManager._take_step": {
                                    "total": 75.77514510000928,
                                    "count": 27026,
                                    "self": 2.616166800011783,
                                    "children": {
                                        "TorchPolicy.evaluate": {
                                            "total": 73.1589782999975,
                                            "count": 19087,
                                            "self": 18.18111899999638,
                                            "children": {
                                                "TorchPolicy.sample_actions": {
                                                    "total": 54.97785930000112,
                                                    "count": 19087,
                                                    "self": 54.97785930000112
                                                }
                                            }
                                        }
                                    }
                                },