{"count":1,"self":597.3847552,"total":6205.6293614999995,"children":{"InitializeActuators":{"count":72,"self":0.0019982999999999997,"total":0.0019982999999999997,"children":null},"InitializeSensors":{"count":72,"self":0.0019982,"total":0.0019982,"children":null},"AgentSendState":{"count":205651,"self":34.9423552,"total":1920.8296527999998,"children":{"CollectObservations":{"count":2962152,"self":15.0657008,"total":15.0657005,"children":null},"WriteActionMask":{"count":2962152,"self":9.282136,"total":9.282136,"children":null},"RequestDecision":{"count":2962152,"self":28.161692799999997,"total":1861.5394615999999,"children":{"AgentInfo.ToProto":{"count":2962152,"self":22.2646736,"total":1833.3777702,"children":{"GenerateSensorData":{"count":2962152,"self":175.46397439999998,"total":1811.1130961,"children":{"RayPerceptionSensor.Perceive":{"count":11848608,"self":1635.6491263999999,"total":1635.6491213,"children":null}}}}}}}}},"DecideAction":{"count":205651,"self":3616.360448,"total":3616.3603943,"children":null},"AgentAct":{"count":205651,"self":48.734099199999996,"total":48.8900249,"children":{"AgentInfo.ToProto":{"count":198,"self":0.0019394,"total":0.15592509999999998,"children":{"GenerateSensorData":{"count":198,"self":0.0409393,"total":0.1539857,"children":{"RayPerceptionSensor.Perceive":{"count":792,"self":0.11304639999999999,"total":0.11304639999999999,"children":null}}}}}}},"AgentInfo.ToProto":{"count":31986,"self":0.4132517,"total":22.1585333,"children":{"GenerateSensorData":{"count":31986,"self":2.8379852,"total":21.7452816,"children":{"RayPerceptionSensor.Perceive":{"count":127944,"self":18.907296,"total":18.907296499999998,"children":null}}}}}},"gauges":{"BasicAgent.CumulativeReward":{"count":32184,"max":1.99679565,"min":-2.0263257,"runningAverage":-0.0007865501,"value":0.994299948,"weightedAverage":0.06272748}},"metadata":{"timer_format_version":"0.1.0","start_time_seconds":"1619112239","unity_version":"2020.1.17f1","command_line_arguments":"C:\\Program Files\\2020.1.17f1\\Editor\\Unity.exe -projectpath C:\/Users\/pablo\/Documents\/Universidad\/TFG\/venv_tfg\/unity_project\/TFG_PabloVillacorta -useHub -hubIPC -cloudEnvironment production -hubSessionId 4e1b8f30-a38c-11eb-ae47-03a480f15937","communication_protocol_version":"1.4.0","com.unity.ml-agents_version":"1.8.1-preview","scene_name":"Basic","end_time_seconds":"1619118444"}}