{"count":1,"self":664.3865088,"total":5341.3627609999994,"children":{"InitializeActuators":{"count":72,"self":0.0019992,"total":0.0019992,"children":null},"InitializeSensors":{"count":72,"self":0.0030004999999999997,"total":0.0030004999999999997,"children":null},"AgentSendState":{"count":193217,"self":31.805190399999997,"total":1065.4528886,"children":{"CollectObservations":{"count":2782872,"self":13.082219199999999,"total":13.082219,"children":null},"WriteActionMask":{"count":2782872,"self":8.306705599999999,"total":8.3067052999999991,"children":null},"RequestDecision":{"count":2782872,"self":24.8549392,"total":1012.2587749999999,"children":{"AgentInfo.ToProto":{"count":2782872,"self":20.3388192,"total":987.40383539999993,"children":{"GenerateSensorData":{"count":2782872,"self":152.9818752,"total":967.0650167,"children":{"RayPerceptionSensor.Perceive":{"count":11131488,"self":814.08312319999993,"total":814.0831449,"children":null}}}}}}}}},"DecideAction":{"count":193217,"self":3556.319232,"total":3556.3192129999998,"children":null},"AgentAct":{"count":193217,"self":41.026832,"total":41.0268309,"children":null},"AgentInfo.ToProto":{"count":37276,"self":0.43308559999999996,"total":14.171343499999999,"children":{"GenerateSensorData":{"count":37276,"self":2.137339,"total":13.738257899999999,"children":{"RayPerceptionSensor.Perceive":{"count":149104,"self":11.6009192,"total":11.6009189,"children":null}}}}}},"gauges":{"BasicAgent.CumulativeReward":{"count":37276,"max":2,"min":-2,"runningAverage":-1.58396032E-10,"value":1,"weightedAverage":0.07962091}},"metadata":{"timer_format_version":"0.1.0","start_time_seconds":"1618986214","unity_version":"2020.1.17f1","command_line_arguments":"C:\\Program Files\\2020.1.17f1\\Editor\\Unity.exe -projectpath C:\/Users\/pablo\/Documents\/Universidad\/TFG\/venv_tfg\/unity_project\/TFG_PabloVillacorta -useHub -hubIPC -cloudEnvironment production -hubSessionId 8fe7c8d0-a269-11eb-bf45-79e40e55a314 -projectpath C:\/Users\/pablo\/Documents\/Universidad\/TFG\/venv_tfg\/unity_project\/TFG_PabloVillacorta -useHub -hubIPC -cloudEnvironment production -hubSessionId 8fe7c8d0-a269-11eb-bf45-79e40e55a314","communication_protocol_version":"1.4.0","com.unity.ml-agents_version":"1.8.1-preview","scene_name":"Basic","end_time_seconds":"1618991555"}}