{"count":1,"self":151.48271359999998,"total":176.2644713,"children":{"InitializeActuators":{"count":72,"self":0.0020001,"total":0.0020001,"children":null},"InitializeSensors":{"count":72,"self":0.0030050999999999997,"total":0.0030050999999999997,"children":null},"AgentSendState":{"count":8587,"self":0.70902429999999994,"total":20.7764029,"children":{"CollectObservations":{"count":123696,"self":0.2948396,"total":0.2948396,"children":null},"WriteActionMask":{"count":123696,"self":0.18483839999999999,"total":0.18483839999999999,"children":null},"RequestDecision":{"count":123696,"self":1.0256101,"total":19.587700599999998,"children":{"RayPerceptionSensor.Perceive":{"count":487912,"self":18.562091199999998,"total":18.5620905,"children":null}}}}},"DecideAction":{"count":8587,"self":2.1464727999999997,"total":2.4019813,"children":{"RayPerceptionSensor.Perceive":{"count":6872,"self":0.2555086,"total":0.2555086,"children":null}}},"AgentAct":{"count":8587,"self":1.5303407999999998,"total":1.545895,"children":{"RayPerceptionSensor.Perceive":{"count":256,"self":0.015554199999999999,"total":0.015554199999999999,"children":null}}},"RayPerceptionSensor.Perceive":{"count":896,"self":0.0514795,"total":0.0514795,"children":null}},"gauges":{"BasicAgent.CumulativeReward":{"count":322,"max":0.619619966,"min":-50.0491142,"runningAverage":-14.4658461,"value":-50.0491142,"weightedAverage":-35.46943}},"metadata":{"timer_format_version":"0.1.0","start_time_seconds":"1619430118","unity_version":"2020.1.17f1","command_line_arguments":"C:\\Program Files\\2020.1.17f1\\Editor\\Unity.exe -projectpath C:\/Users\/pablo\/Documents\/Universidad\/TFG\/venv_tfg\/unity_project\/TFG_PabloVillacorta -useHub -hubIPC -cloudEnvironment production -hubSessionId 4913de20-a652-11eb-96cd-c17f74ef80ca","communication_protocol_version":"1.4.0","com.unity.ml-agents_version":"1.8.1-preview","scene_name":"Basic","end_time_seconds":"1619430294"}}