{"count":1,"self":87.914745599999989,"total":821.62862839999991,"children":{"InitializeActuators":{"count":72,"self":0.001994,"total":0.001994,"children":null},"InitializeSensors":{"count":72,"self":0.0020005,"total":0.0020005,"children":null},"AgentSendState":{"count":45184,"self":5.575556,"total":154.84796989999998,"children":{"CollectObservations":{"count":446542,"self":2.2059872,"total":2.2059873,"children":null},"WriteActionMask":{"count":446542,"self":1.4272785,"total":1.4272785,"children":null},"RequestDecision":{"count":446542,"self":4.3399432,"total":145.6391482,"children":{"AgentInfo.ToProto":{"count":446542,"self":3.3433059999999997,"total":141.2992051,"children":{"GenerateSensorData":{"count":446542,"self":23.938940799999997,"total":137.95589909999998,"children":{"RayPerceptionSensor.Perceive":{"count":1786168,"self":114.01696,"total":114.01695889999999,"children":null}}}}}}}}},"DecideAction":{"count":45184,"self":566.8612608,"total":566.8612784,"children":null},"AgentAct":{"count":45184,"self":9.8780848,"total":9.8780846999999987,"children":null},"AgentInfo.ToProto":{"count":5924,"self":0.0779511,"total":2.1195528,"children":{"GenerateSensorData":{"count":5924,"self":0.31815109999999996,"total":2.0416016999999997,"children":{"RayPerceptionSensor.Perceive":{"count":23696,"self":1.7234505999999998,"total":1.7234505999999998,"children":null}}}}}},"gauges":{"BasicAgent.CumulativeReward":{"count":5924,"max":203.999771,"min":-469.6604,"runningAverage":15.7629957,"value":-86.18995,"weightedAverage":8.778792}},"metadata":{"timer_format_version":"0.1.0","start_time_seconds":"1618767764","unity_version":"2020.1.17f1","command_line_arguments":"C:\\Program Files\\2020.1.17f1\\Editor\\Unity.exe -projectpath C:\/Users\/pablo\/Documents\/Universidad\/TFG\/venv_tfg\/unity_project\/TFG_PabloVillacorta -useHub -hubIPC -cloudEnvironment production -hubSessionId bf6e6930-a064-11eb-9248-d12592e55e8d","communication_protocol_version":"1.4.0","com.unity.ml-agents_version":"1.8.1-preview","scene_name":"Basic","end_time_seconds":"1618768585"}}