{"count":1,"self":89.6379584,"total":1097.2960645,"children":{"InitializeActuators":{"count":72,"self":0.0020006,"total":0.0020006,"children":null},"InitializeSensors":{"count":72,"self":0.0030261999999999997,"total":0.0030261999999999997,"children":null},"AgentSendState":{"count":40384,"self":7.4691776,"total":232.2577739,"children":{"CollectObservations":{"count":582624,"self":2.9124627999999997,"total":2.9124627999999997,"children":null},"WriteActionMask":{"count":582624,"self":1.8283876,"total":1.8283876,"children":null},"RequestDecision":{"count":582624,"self":5.9808651999999993,"total":220.0477459,"children":{"AgentInfo.ToProto":{"count":582624,"self":4.6611268,"total":214.0668806,"children":{"GenerateSensorData":{"count":582624,"self":33.5435136,"total":209.40575389999998,"children":{"RayPerceptionSensor.Perceive":{"count":2330496,"self":175.8622336,"total":175.8622399,"children":null}}}}}}}}},"DecideAction":{"count":40384,"self":762.40168959999994,"total":762.4016957,"children":null},"AgentAct":{"count":40384,"self":9.8767008,"total":9.8767003999999989,"children":null},"AgentInfo.ToProto":{"count":7846,"self":0.1060425,"total":3.1149117,"children":{"GenerateSensorData":{"count":7846,"self":0.5111751,"total":3.0088692,"children":{"RayPerceptionSensor.Perceive":{"count":31384,"self":2.497694,"total":2.4976941,"children":null}}}}}},"gauges":{"BasicAgent.CumulativeReward":{"count":7846,"max":198.509674,"min":-321.339844,"runningAverage":10.1179743,"value":97.07,"weightedAverage":27.4355888}},"metadata":{"timer_format_version":"0.1.0","start_time_seconds":"1618912455","unity_version":"2020.1.17f1","command_line_arguments":"C:\\Program Files\\2020.1.17f1\\Editor\\Unity.exe -projectpath C:\/Users\/pablo\/Documents\/Universidad\/TFG\/venv_tfg\/unity_project\/TFG_PabloVillacorta -useHub -hubIPC -cloudEnvironment production -hubSessionId 85f937b0-a0fb-11eb-9733-4f0de12b596f","communication_protocol_version":"1.4.0","com.unity.ml-agents_version":"1.8.1-preview","scene_name":"Basic","end_time_seconds":"1618913552"}}