{"count":1,"self":163.8048384,"total":559.8369488,"children":{"InitializeActuators":{"count":9,"self":0.0019996,"total":0.0019996,"children":null},"InitializeSensors":{"count":9,"self":0.0019998999999999998,"total":0.0019998999999999998,"children":null},"AgentSendState":{"count":124834,"self":2.2916552,"total":28.745573,"children":{"CollectObservations":{"count":112356,"self":0.6127963,"total":0.6127963,"children":null},"WriteActionMask":{"count":112356,"self":0.40987009999999996,"total":0.40987009999999996,"children":null},"RequestDecision":{"count":112356,"self":1.2644492,"total":25.4312513,"children":{"AgentInfo.ToProto":{"count":112356,"self":1.0230325999999998,"total":24.166802099999998,"children":{"GenerateSensorData":{"count":112356,"self":5.6451856,"total":23.143769499999998,"children":{"RayPerceptionSensor.Perceive":{"count":112356,"self":17.498583999999997,"total":17.4985838,"children":null}}}}}}}}},"DecideAction":{"count":124834,"self":360.0137216,"total":360.0137142,"children":null},"AgentAct":{"count":124834,"self":5.9581143999999995,"total":5.9581143999999995,"children":null},"AgentInfo.ToProto":{"count":5951,"self":0.085973399999999991,"total":1.3087096999999999,"children":{"GenerateSensorData":{"count":5951,"self":0.3271344,"total":1.2227363,"children":{"RayPerceptionSensor.Perceive":{"count":5951,"self":0.8956019,"total":0.8956019,"children":null}}}}}},"gauges":{"BasicAgent.CumulativeReward":{"count":5951,"max":198.979767,"min":-26.2702789,"runningAverage":88.99429,"value":97.94,"weightedAverage":98.40928}},"metadata":{"timer_format_version":"0.1.0","start_time_seconds":"1617446376","unity_version":"2020.1.17f1","command_line_arguments":"C:\\Program Files\\2020.1.17f1\\Editor\\Unity.exe -projectpath C:\/Users\/pablo\/Documents\/Universidad\/TFG\/venv_tfg\/unity_project\/TFG_PabloVillacorta -useHub -hubIPC -cloudEnvironment production -hubSessionId 347d72e0-9460-11eb-ab1a-0d29499e4799","communication_protocol_version":"1.4.0","com.unity.ml-agents_version":"1.8.1-preview","scene_name":"Basic","end_time_seconds":"1617446935"}}