{"count":1,"self":835.0024192,"total":7476.1214027999995,"children":{"InitializeActuators":{"count":72,"self":0.0020001999999999997,"total":0.0020001999999999997,"children":null},"InitializeSensors":{"count":72,"self":0.0009993,"total":0.0009993,"children":null},"AgentSendState":{"count":264217,"self":45.941065599999995,"total":1449.3946621999999,"children":{"CollectObservations":{"count":3805632,"self":18.522649599999998,"total":18.522649899999998,"children":null},"WriteActionMask":{"count":3805632,"self":10.5612976,"total":10.5612975,"children":null},"RequestDecision":{"count":3805632,"self":35.0080832,"total":1374.3696505999999,"children":{"AgentInfo.ToProto":{"count":3805632,"self":27.8130432,"total":1339.361568,"children":{"GenerateSensorData":{"count":3805632,"self":206.31646719999998,"total":1311.5485237,"children":{"RayPerceptionSensor.Perceive":{"count":15222528,"self":1105.2320768,"total":1105.2320531999999,"children":null}}}}}}}}},"DecideAction":{"count":264217,"self":5103.4673152,"total":5103.4671235,"children":null},"AgentAct":{"count":264217,"self":59.2749824,"total":59.282547699999995,"children":{"AgentInfo.ToProto":{"count":16,"self":0,"total":0.0075634,"children":{"GenerateSensorData":{"count":16,"self":0.0019974999999999997,"total":0.0075634,"children":{"RayPerceptionSensor.Perceive":{"count":64,"self":0.0055658999999999995,"total":0.0055658999999999995,"children":null}}}}}}},"AgentInfo.ToProto":{"count":73368,"self":0.8961271,"total":28.9706482,"children":{"GenerateSensorData":{"count":73368,"self":4.5038219999999995,"total":28.0745211,"children":{"RayPerceptionSensor.Perceive":{"count":293472,"self":23.5706992,"total":23.570698999999998,"children":null}}}}}},"gauges":{"BasicAgent.CumulativeReward":{"count":73384,"max":2,"min":-2,"runningAverage":-4.0627484E-11,"value":-1,"weightedAverage":0.0136243552}},"metadata":{"timer_format_version":"0.1.0","start_time_seconds":"1618948366","unity_version":"2020.1.17f1","command_line_arguments":"C:\\Program Files\\2020.1.17f1\\Editor\\Unity.exe -projectpath C:\/Users\/pablo\/Documents\/Universidad\/TFG\/venv_tfg\/unity_project\/TFG_PabloVillacorta -useHub -hubIPC -cloudEnvironment production -hubSessionId c7564550-a208-11eb-88cf-bd5e9c633093","communication_protocol_version":"1.4.0","com.unity.ml-agents_version":"1.8.1-preview","scene_name":"Basic","end_time_seconds":"1618955842"}}