{"count":1,"self":284.818048,"total":3598.7090832999997,"children":{"InitializeActuators":{"count":36,"self":0.0019992,"total":0.0019992,"children":null},"InitializeSensors":{"count":36,"self":0.0019985,"total":0.0019985,"children":null},"AgentSendState":{"count":135434,"self":13.179751999999999,"total":642.47128809999992,"children":{"CollectObservations":{"count":965500,"self":5.2894064,"total":5.2894064,"children":null},"WriteActionMask":{"count":965500,"self":2.9369836,"total":2.9369834999999997,"children":null},"RequestDecision":{"count":965500,"self":9.6806304,"total":621.065146,"children":{"AgentInfo.ToProto":{"count":965500,"self":7.797968,"total":611.38451539999994,"children":{"GenerateSensorData":{"count":965500,"self":62.9735872,"total":603.5865471,"children":{"RayPerceptionSensor.Perceive":{"count":3862000,"self":540.6129664,"total":540.61295969999992,"children":null}}}}}}}}},"DecideAction":{"count":135434,"self":2640.5556223999997,"total":2640.5555400999997,"children":null},"AgentAct":{"count":135434,"self":18.8670896,"total":18.8792978,"children":{"AgentInfo.ToProto":{"count":16,"self":0,"total":0.0122077,"children":{"GenerateSensorData":{"count":16,"self":0.0009987,"total":0.0122077,"children":{"RayPerceptionSensor.Perceive":{"count":64,"self":0.011209,"total":0.011209,"children":null}}}}}}},"AgentInfo.ToProto":{"count":16717,"self":0.2374685,"total":11.9779138,"children":{"GenerateSensorData":{"count":16717,"self":1.4716452999999998,"total":11.7404453,"children":{"RayPerceptionSensor.Perceive":{"count":66868,"self":10.268799999999999,"total":10.268799999999999,"children":null}}}}}},"gauges":{"BasicAgent.CumulativeReward":{"count":16733,"max":118.969994,"min":-79.86764,"runningAverage":105.467125,"value":118.079987,"weightedAverage":118.260132}},"metadata":{"timer_format_version":"0.1.0","start_time_seconds":"1619042147","unity_version":"2020.1.17f1","command_line_arguments":"C:\\Program Files\\2020.1.17f1\\Editor\\Unity.exe -projectpath C:\/Users\/pablo\/Documents\/Universidad\/TFG\/venv_tfg\/unity_project\/TFG_PabloVillacorta -useHub -hubIPC -cloudEnvironment production -hubSessionId 8fe7c8d0-a269-11eb-bf45-79e40e55a314","communication_protocol_version":"1.4.0","com.unity.ml-agents_version":"1.8.1-preview","scene_name":"Basic","end_time_seconds":"1619045745"}}