{"count":1,"self":109.7954944,"total":131.7789627,"children":{"InitializeActuators":{"count":72,"self":0.0020028999999999997,"total":0.0020028999999999997,"children":null},"InitializeSensors":{"count":72,"self":0.0030277999999999998,"total":0.0030277999999999998,"children":null},"AgentSendState":{"count":6362,"self":0.7957386,"total":17.580644799999998,"children":{"CollectObservations":{"count":91656,"self":0.32638069999999997,"total":0.32638069999999997,"children":null},"WriteActionMask":{"count":91656,"self":0.19462669999999999,"total":0.19462669999999999,"children":null},"RequestDecision":{"count":91656,"self":1.1967898,"total":16.2638988,"children":{"RayPerceptionSensor.Perceive":{"count":356440,"self":15.0671088,"total":15.067108999999999,"children":null}}}}},"DecideAction":{"count":6362,"self":2.1230636,"total":2.7943789999999997,"children":{"RayPerceptionSensor.Perceive":{"count":10184,"self":0.6713153,"total":0.6713153,"children":null}}},"AgentAct":{"count":6362,"self":1.5941353999999999,"total":1.6024162,"children":{"RayPerceptionSensor.Perceive":{"count":280,"self":0.0082808,"total":0.0082808,"children":null}}}},"gauges":{"BasicAgent.CumulativeReward":{"count":126,"max":0.3793798,"min":-50.0491142,"runningAverage":-28.7813549,"value":-1.512511,"weightedAverage":-5.123258}},"metadata":{"timer_format_version":"0.1.0","start_time_seconds":"1619595005","unity_version":"2020.1.17f1","command_line_arguments":"C:\\Program Files\\2020.1.17f1\\Editor\\Unity.exe -projectpath C:\/Users\/pablo\/Documents\/Universidad\/TFG\/venv_tfg\/unity_project\/TFG_PabloVillacorta -useHub -hubIPC -cloudEnvironment production -hubSessionId d3267810-a7f2-11eb-ba14-3fc664b8c6ec","communication_protocol_version":"1.4.0","com.unity.ml-agents_version":"1.8.1-preview","scene_name":"Basic","end_time_seconds":"1619595137"}}