{"count":1,"self":417.4662656,"total":576.8919736,"children":{"InitializeActuators":{"count":72,"self":0.0030191999999999997,"total":0.0030191999999999997,"children":null},"InitializeSensors":{"count":72,"self":0.0010000999999999999,"total":0.0010000999999999999,"children":null},"AgentSendState":{"count":28612,"self":3.7084848,"total":141.2691266,"children":{"CollectObservations":{"count":412056,"self":1.5053668999999998,"total":1.5053668999999998,"children":null},"WriteActionMask":{"count":412056,"self":0.8364838,"total":0.8364838,"children":null},"RequestDecision":{"count":412056,"self":5.1699192,"total":135.21879099999998,"children":{"RayPerceptionSensor.Perceive":{"count":1602440,"self":130.0488704,"total":130.048872,"children":null}}}}},"DecideAction":{"count":28612,"self":7.8974208,"total":11.4663956,"children":{"RayPerceptionSensor.Perceive":{"count":45784,"self":3.5689751999999997,"total":3.568975,"children":null}}},"AgentAct":{"count":28612,"self":6.5748631999999994,"total":6.683185,"children":{"RayPerceptionSensor.Perceive":{"count":1400,"self":0.1083218,"total":0.1083218,"children":null}}}},"gauges":{"BasicAgent.CumulativeReward":{"count":552,"max":0.99,"min":-5.14288235,"runningAverage":-3.252994,"value":-0.563996255,"weightedAverage":-0.482933819}},"metadata":{"timer_format_version":"0.1.0","start_time_seconds":"1619597495","unity_version":"2020.1.17f1","command_line_arguments":"C:\\Program Files\\2020.1.17f1\\Editor\\Unity.exe -projectpath C:\/Users\/pablo\/Documents\/Universidad\/TFG\/venv_tfg\/unity_project\/TFG_PabloVillacorta -useHub -hubIPC -cloudEnvironment production -hubSessionId d3267810-a7f2-11eb-ba14-3fc664b8c6ec","communication_protocol_version":"1.4.0","com.unity.ml-agents_version":"1.8.1-preview","scene_name":"Basic","end_time_seconds":"1619598072"}}