{"count":1,"self":518.0401152,"total":571.69668,"children":{"InitializeActuators":{"count":36,"self":0.0020025999999999998,"total":0.0020025999999999998,"children":null},"InitializeSensors":{"count":36,"self":0.0019987,"total":0.0019987,"children":null},"AgentSendState":{"count":28335,"self":1.9194924,"total":3.7165326999999997,"children":{"CollectObservations":{"count":204012,"self":0.7224225,"total":0.7224225,"children":null},"WriteActionMask":{"count":204012,"self":0.39147119999999996,"total":0.39147119999999996,"children":null},"RequestDecision":{"count":204012,"self":0.68314659999999994,"total":0.68314659999999994,"children":null}}},"DecideAction":{"count":28335,"self":17.9571008,"total":45.3729294,"children":{"RayPerceptionSensor.Perceive":{"count":612036,"self":27.4158272,"total":27.415828299999998,"children":null}}},"AgentAct":{"count":28335,"self":4.5601384,"total":4.5601385,"children":null}},"gauges":{"BasicAgent.CumulativeReward":{"count":6229,"max":92.00001,"min":-66.80009,"runningAverage":80.6122742,"value":91.840004,"weightedAverage":89.48237}},"metadata":{"timer_format_version":"0.1.0","start_time_seconds":"1618589832","unity_version":"2020.1.17f1","command_line_arguments":"C:\\Program Files\\2020.1.17f1\\Editor\\Unity.exe -projectpath C:\/Users\/pablo\/Documents\/Universidad\/TFG\/venv_tfg\/unity_project\/TFG_PabloVillacorta -useHub -hubIPC -cloudEnvironment production -hubSessionId a21f10c0-9e96-11eb-bfc9-65d2a3523702","communication_protocol_version":"1.4.0","com.unity.ml-agents_version":"1.8.1-preview","scene_name":"Basic","end_time_seconds":"1618590404"}}