{"count":1,"self":151.18041599999998,"total":546.9984182,"children":{"InitializeActuators":{"count":9,"self":0.001996,"total":0.001996,"children":null},"InitializeSensors":{"count":9,"self":0.0020055999999999997,"total":0.0020055999999999997,"children":null},"AgentSendState":{"count":124401,"self":2.4698388,"total":30.1344298,"children":{"CollectObservations":{"count":111969,"self":0.6344656,"total":0.6344656,"children":null},"WriteActionMask":{"count":111969,"self":0.4357644,"total":0.4357644,"children":null},"RequestDecision":{"count":111969,"self":1.3891392999999999,"total":26.594360899999998,"children":{"AgentInfo.ToProto":{"count":111969,"self":1.1393275999999999,"total":25.205221599999998,"children":{"GenerateSensorData":{"count":111969,"self":5.8845656,"total":24.065894,"children":{"RayPerceptionSensor.Perceive":{"count":111969,"self":18.181328,"total":18.1813286,"children":null}}}}}}}}},"DecideAction":{"count":124401,"self":358.1953792,"total":358.19537379999997,"children":null},"AgentAct":{"count":124401,"self":6.098348,"total":6.0983481999999993,"children":null},"AgentInfo.ToProto":{"count":5986,"self":0.1152419,"total":1.3828395999999998,"children":{"GenerateSensorData":{"count":5986,"self":0.3638438,"total":1.2675977,"children":{"RayPerceptionSensor.Perceive":{"count":5986,"self":0.9037539,"total":0.9037539,"children":null}}}}}},"gauges":{"BasicAgent.CumulativeReward":{"count":5986,"max":198.1696,"min":-49.38035,"runningAverage":75.28641,"value":98.95,"weightedAverage":58.5509224}},"metadata":{"timer_format_version":"0.1.0","start_time_seconds":"1617471447","unity_version":"2020.1.17f1","command_line_arguments":"C:\\Program Files\\2020.1.17f1\\Editor\\Unity.exe -projectpath C:\/Users\/pablo\/Documents\/Universidad\/TFG\/venv_tfg\/unity_project\/TFG_PabloVillacorta -useHub -hubIPC -cloudEnvironment production -hubSessionId 347d72e0-9460-11eb-ab1a-0d29499e4799","communication_protocol_version":"1.4.0","com.unity.ml-agents_version":"1.8.1-preview","scene_name":"Basic","end_time_seconds":"1617471994"}}