{
    "name": "root",
    "gauges": {
        "BasicAgent.Policy.Entropy.mean": {
            "value": 1.5840784311294556,
            "min": 1.5840784311294556,
            "max": 1.5840784311294556,
            "count": 1
        },
        "BasicAgent.Policy.Entropy.sum": {
            "value": 8639.5634765625,
            "min": 8639.5634765625,
            "max": 8639.5634765625,
            "count": 1
        },
        "BasicAgent.Environment.LessonNumber.active_obstacles.mean": {
            "value": 0.0,
            "min": 0.0,
            "max": 0.0,
            "count": 1
        },
        "BasicAgent.Environment.LessonNumber.active_obstacles.sum": {
            "value": 0.0,
            "min": 0.0,
            "max": 0.0,
            "count": 1
        },
        "BasicAgent.Environment.LessonNumber.max_obstacle_speed.mean": {
            "value": 0.0,
            "min": 0.0,
            "max": 0.0,
            "count": 1
        },
        "BasicAgent.Environment.LessonNumber.max_obstacle_speed.sum": {
            "value": 0.0,
            "min": 0.0,
            "max": 0.0,
            "count": 1
        },
        "BasicAgent.Environment.EpisodeLength.mean": {
            "value": 46.37,
            "min": 46.37,
            "max": 46.37,
            "count": 1
        },
        "BasicAgent.Environment.EpisodeLength.sum": {
            "value": 4637.0,
            "min": 4637.0,
            "max": 4637.0,
            "count": 1
        },
        "BasicAgent.Policy.ExtrinsicValueEstimate.mean": {
            "value": -19.023637771606445,
            "min": -19.023637771606445,
            "max": -19.023637771606445,
            "count": 1
        },
        "BasicAgent.Policy.ExtrinsicValueEstimate.sum": {
            "value": -2682.3330078125,
            "min": -2682.3330078125,
            "max": -2682.3330078125,
            "count": 1
        },
        "BasicAgent.Environment.CumulativeReward.mean": {
            "value": -30.637372922415686,
            "min": -30.637372922415686,
            "max": -30.637372922415686,
            "count": 1
        },
        "BasicAgent.Environment.CumulativeReward.sum": {
            "value": -3033.099919319153,
            "min": -3033.099919319153,
            "max": -3033.099919319153,
            "count": 1
        },
        "BasicAgent.Policy.ExtrinsicReward.mean": {
            "value": -30.637372922415686,
            "min": -30.637372922415686,
            "max": -30.637372922415686,
            "count": 1
        },
        "BasicAgent.Policy.ExtrinsicReward.sum": {
            "value": -3033.099919319153,
            "min": -3033.099919319153,
            "max": -3033.099919319153,
            "count": 1
        },
        "BasicAgent.Losses.PolicyLoss.mean": {
            "value": 0.24652620008421228,
            "min": 0.24652620008421228,
            "max": 0.24652620008421228,
            "count": 1
        },
        "BasicAgent.Losses.PolicyLoss.sum": {
            "value": 1.7256834005894859,
            "min": 1.7256834005894859,
            "max": 1.7256834005894859,
            "count": 1
        },
        "BasicAgent.Losses.ValueLoss.mean": {
            "value": 93.58131969040333,
            "min": 93.58131969040333,
            "max": 93.58131969040333,
            "count": 1
        },
        "BasicAgent.Losses.ValueLoss.sum": {
            "value": 655.0692378328233,
            "min": 655.0692378328233,
            "max": 655.0692378328233,
            "count": 1
        },
        "BasicAgent.Policy.LearningRate.mean": {
            "value": 0.0002997081215258642,
            "min": 0.0002997081215258642,
            "max": 0.0002997081215258642,
            "count": 1
        },
        "BasicAgent.Policy.LearningRate.sum": {
            "value": 0.0020979568506810497,
            "min": 0.0020979568506810497,
            "max": 0.0020979568506810497,
            "count": 1
        },
        "BasicAgent.Policy.Epsilon.mean": {
            "value": 0.19990270714285716,
            "min": 0.19990270714285716,
            "max": 0.19990270714285716,
            "count": 1
        },
        "BasicAgent.Policy.Epsilon.sum": {
            "value": 1.39931895,
            "min": 1.39931895,
            "max": 1.39931895,
            "count": 1
        },
        "BasicAgent.Policy.Beta.mean": {
            "value": 0.000499523265,
            "min": 0.000499523265,
            "max": 0.000499523265,
            "count": 1
        },
        "BasicAgent.Policy.Beta.sum": {
            "value": 0.003496662855,
            "min": 0.003496662855,
            "max": 0.003496662855,
            "count": 1
        },
        "BasicAgent.IsTraining.mean": {
            "value": 1.0,
            "min": 1.0,
            "max": 1.0,
            "count": 1
        },
        "BasicAgent.IsTraining.sum": {
            "value": 1.0,
            "min": 1.0,
            "max": 1.0,
            "count": 1
        }
    },
    "metadata": {
        "timer_format_version": "0.1.0",
        "start_time_seconds": "1617795541",
        "python_version": "3.7.9 (tags/v3.7.9:13c94747c7, Aug 17 2020, 18:58:18) [MSC v.1900 64 bit (AMD64)]",
        "command_line_arguments": "C:\\Users\\pablo\\Documents\\Universidad\\TFG\\venv_tfg\\Scripts\\mlagents-learn config/basic_config.yaml --run-id=MovingObstaclesLSTM_16_512_2",
        "mlagents_version": "0.24.0",
        "mlagents_envs_version": "0.24.0",
        "communication_protocol_version": "1.4.0",
        "pytorch_version": "1.7.1+cu110",
        "numpy_version": "1.20.1",
        "end_time_seconds": "1617795581"
    },
    "total": 39.684508,
    "count": 1,
    "self": 0.025260100000004115,
    "children": {
        "run_training.setup": {
            "total": 0.24761940000000005,
            "count": 1,
            "self": 0.24761940000000005
        },
        "TrainerController.start_learning": {
            "total": 39.4116285,
            "count": 1,
            "self": 1.077934799999909,
            "children": {
                "TrainerController._reset_env": {
                    "total": 6.4454158999999995,
                    "count": 1,
                    "self": 6.4454158999999995
                },
                "TrainerController.advance": {
                    "total": 31.669417300000095,
                    "count": 736,
                    "self": 0.05597590000011721,
                    "children": {
                        "env_step": {
                            "total": 31.613441399999978,
                            "count": 736,
                            "self": 28.09554500000008,
                            "children": {
                                "SubprocessEnvManager._take_step": {
                                    "total": 3.4943446999999175,
                                    "count": 736,
                                    "self": 0.11487839999991856,
                                    "children": {
                                        "TorchPolicy.evaluate": {
                                            "total": 3.379466299999999,
                                            "count": 651,
                                            "self": 0.7440001999999364,
                                            "children": {
                                                "TorchPolicy.sample_actions": {
                                                    "total": 2.6354661000000625,
                                                    "count": 651,
                                                    "self": 2.6354661000000625
                                                }
                                            }
                                        }
                                    }
                                },
                                "workers": {
                                    "total": 0.023551699999979192,
                                    "count": 735,