{
    "name": "root",
    "gauges": {
        "BasicAgent.Policy.Entropy.mean": {
            "value": 1.5822527408599854,
            "min": 1.5808476209640503,
            "max": 1.600394368171692,
            "count": 7
        },
        "BasicAgent.Policy.Entropy.sum": {
            "value": 7362.22216796875,
            "min": 7362.22216796875,
            "max": 9342.9033203125,
            "count": 7
        },
        "BasicAgent.Environment.LessonNumber.active_obstacles.mean": {
            "value": 0.0,
            "min": 0.0,
            "max": 0.0,
            "count": 7
        },
        "BasicAgent.Environment.LessonNumber.active_obstacles.sum": {
            "value": 0.0,
            "min": 0.0,
            "max": 0.0,
            "count": 7
        },
        "BasicAgent.Environment.LessonNumber.max_obstacle_speed.mean": {
            "value": 0.0,
            "min": 0.0,
            "max": 0.0,
            "count": 7
        },
        "BasicAgent.Environment.LessonNumber.max_obstacle_speed.sum": {
            "value": 0.0,
            "min": 0.0,
            "max": 0.0,
            "count": 7
        },
        "BasicAgent.Environment.EpisodeLength.mean": {
            "value": 1049.875,
            "min": 207.52941176470588,
            "max": 1666.0,
            "count": 7
        },
        "BasicAgent.Environment.EpisodeLength.sum": {
            "value": 8399.0,
            "min": 1666.0,
            "max": 8399.0,
            "count": 7
        },
        "BasicAgent.Policy.ExtrinsicValueEstimate.mean": {
            "value": -4.746845245361328,
            "min": -6.8709564208984375,
            "max": -3.28739333152771,
            "count": 7
        },
        "BasicAgent.Policy.ExtrinsicValueEstimate.sum": {
            "value": -398.7350158691406,
            "min": -570.2893676757812,
            "max": -279.4284362792969,
            "count": 7
        },
        "BasicAgent.Environment.CumulativeReward.mean": {
            "value": -46.50749929761514,
            "min": -46.50749929761514,
            "max": -22.80249871686101,
            "count": 7
        },
        "BasicAgent.Environment.CumulativeReward.sum": {
            "value": -372.0599943809211,
            "min": -529.8299939632416,
            "max": -83.97999841719866,
            "count": 7
        },
        "BasicAgent.Policy.ExtrinsicReward.mean": {
            "value": -46.50749929761514,
            "min": -46.50749929761514,
            "max": -22.80249871686101,
            "count": 7
        },
        "BasicAgent.Policy.ExtrinsicReward.sum": {
            "value": -372.0599943809211,
            "min": -529.8299939632416,
            "max": -83.97999841719866,
            "count": 7
        },
        "BasicAgent.Losses.PolicyLoss.mean": {
            "value": 0.25313061483272986,
            "min": 0.221477346171491,
            "max": 0.25928311534276016,
            "count": 7
        },
        "BasicAgent.Losses.PolicyLoss.sum": {
            "value": 1.0125224593309194,
            "min": 0.93096598479194,
            "max": 1.107386730857455,
            "count": 7
        },
        "BasicAgent.Losses.ValueLoss.mean": {
            "value": 2.519547928981198,
            "min": 0.4971248584571071,
            "max": 18.24662918696711,
            "count": 7
        },
        "BasicAgent.Losses.ValueLoss.sum": {
            "value": 10.078191715924792,
            "min": 1.9884994338284283,
            "max": 72.98651674786844,
            "count": 7
        },
        "BasicAgent.Policy.LearningRate.mean": {
            "value": 0.000295128001624,
            "min": 0.000295128001624,
            "max": 0.0002996567251144249,
            "count": 7
        },
        "BasicAgent.Policy.LearningRate.sum": {
            "value": 0.001180512006496,
            "min": 0.001180512006496,
            "max": 0.00149065365311545,
            "count": 7
        },
        "BasicAgent.Policy.Epsilon.mean": {
            "value": 0.19837600000000002,
            "min": 0.19837600000000002,
            "max": 0.19988557499999998,
            "count": 7
        },
        "BasicAgent.Policy.Epsilon.sum": {
            "value": 0.7935040000000001,
            "min": 0.7935040000000001,
            "max": 0.9968845500000001,
            "count": 7
        },
        "BasicAgent.Policy.Beta.mean": {
            "value": 0.0004920424000000001,
            "min": 0.0004920424000000001,
            "max": 0.0004994393174999999,
            "count": 7
        },
        "BasicAgent.Policy.Beta.sum": {
            "value": 0.0019681696000000003,
            "min": 0.0019681696000000003,
            "max": 0.002484734295,
            "count": 7
        },
        "BasicAgent.IsTraining.mean": {
            "value": 1.0,
            "min": 1.0,
            "max": 1.0,
            "count": 7
        },
        "BasicAgent.IsTraining.sum": {
            "value": 1.0,
            "min": 1.0,
            "max": 1.0,
            "count": 7
        }
    },
    "metadata": {
        "timer_format_version": "0.1.0",
        "start_time_seconds": "1617874956",
        "python_version": "3.7.9 (tags/v3.7.9:13c94747c7, Aug 17 2020, 18:58:18) [MSC v.1900 64 bit (AMD64)]",
        "command_line_arguments": "C:\\Users\\pablo\\Documents\\Universidad\\TFG\\venv_tfg\\Scripts\\mlagents-learn config/basic_config.yaml --run-id=MovingObstacles_LSTM_DR3_1",
        "mlagents_version": "0.24.0",
        "mlagents_envs_version": "0.24.0",
        "communication_protocol_version": "1.4.0",
        "pytorch_version": "1.7.1+cu110",
        "numpy_version": "1.20.1",
        "end_time_seconds": "1617875091"
    },
    "total": 134.71286020000002,
    "count": 1,
    "self": 0.026895200000041086,
    "children": {
        "run_training.setup": {
            "total": 0.15184900000000012,
            "count": 1,
            "self": 0.15184900000000012
        },
        "TrainerController.start_learning": {
            "total": 134.53411599999998,
            "count": 1,
            "self": 1.3278239999995947,
            "children": {
                "TrainerController._reset_env": {
                    "total": 4.2535925,
                    "count": 1,
                    "self": 4.2535925
                },
                "TrainerController.advance": {
                    "total": 128.73648530000037,
                    "count": 4015,
                    "self": 0.2414329999999154,
                    "children": {
                        "env_step": {
                            "total": 128.49505230000045,
                            "count": 4015,
                            "self": 111.63313790000103,
                            "children": {
                                "SubprocessEnvManager._take_step": {
                                    "total": 16.75508229999991,
                                    "count": 4015,
                                    "self": 0.5215854999998903,
                                    "children": {
                                        "TorchPolicy.evaluate": {
                                            "total": 16.23349680000002,
                                            "count": 3980,
                                            "self": 4.080842000000237,
                                            "children": {
                                                "TorchPolicy.sample_actions": {
                                                    "total": 12.152654799999782,
                                                    "count": 3980,
                                                    "self": 12.152654799999782
                                                }
                                            }
                                        }
                                    }
                                },
                                "workers": {
                                    "total": 0.10683209999950805,