{
    "name": "root",
    "gauges": {
        "BasicAgent.Policy.Entropy.mean": {
            "value": 1.2811311483383179,
            "min": 1.1783866882324219,
            "max": 1.303288221359253,
            "count": 9
        },
        "BasicAgent.Policy.Entropy.sum": {
            "value": 6687.5048828125,
            "min": 3365.6865234375,
            "max": 7647.6953125,
            "count": 9
        },
        "BasicAgent.Environment.LessonNumber.active_obstacles.mean": {
            "value": 1.0,
            "min": 1.0,
            "max": 1.0,
            "count": 9
        },
        "BasicAgent.Environment.LessonNumber.active_obstacles.sum": {
            "value": 1.0,
            "min": 1.0,
            "max": 1.0,
            "count": 9
        },
        "BasicAgent.Environment.LessonNumber.max_obstacle_speed.mean": {
            "value": 0.0,
            "min": 0.0,
            "max": 0.0,
            "count": 9
        },
        "BasicAgent.Environment.LessonNumber.max_obstacle_speed.sum": {
            "value": 0.0,
            "min": 0.0,
            "max": 0.0,
            "count": 9
        },
        "BasicAgent.Environment.EpisodeLength.mean": {
            "value": 870.0,
            "min": 45.27777777777778,
            "max": 870.0,
            "count": 9
        },
        "BasicAgent.Environment.EpisodeLength.sum": {
            "value": 5220.0,
            "min": 815.0,
            "max": 6520.0,
            "count": 9
        },
        "BasicAgent.Policy.ExtrinsicValueEstimate.mean": {
            "value": -6.6340837478637695,
            "min": -9.478165626525879,
            "max": 43.77916717529297,
            "count": 9
        },
        "BasicAgent.Policy.ExtrinsicValueEstimate.sum": {
            "value": -537.3607788085938,
            "min": -796.1658935546875,
            "max": 1700.6907958984375,
            "count": 9
        },
        "BasicAgent.Policy.GailValueEstimate.mean": {
            "value": 2.9236767292022705,
            "min": 0.8341857194900513,
            "max": 4.615386009216309,
            "count": 9
        },
        "BasicAgent.Policy.GailValueEstimate.sum": {
            "value": 236.81781005859375,
            "min": 27.52812957763672,
            "max": 387.6924133300781,
            "count": 9
        },
        "BasicAgent.Environment.CumulativeReward.mean": {
            "value": -50.30856897149767,
            "min": -51.11249887943268,
            "max": 71.83999977111816,
            "count": 9
        },
        "BasicAgent.Environment.CumulativeReward.sum": {
            "value": -352.1599828004837,
            "min": -817.7999820709229,
            "max": 2237.349991798401,
            "count": 9
        },
        "BasicAgent.Policy.ExtrinsicReward.mean": {
            "value": -50.30856897149767,
            "min": -51.11249887943268,
            "max": 71.83999977111816,
            "count": 9
        },
        "BasicAgent.Policy.ExtrinsicReward.sum": {
            "value": -352.1599828004837,
            "min": -817.7999820709229,
            "max": 2237.349991798401,
            "count": 9
        },
        "BasicAgent.Policy.GailReward.mean": {
            "value": 23.644381191049302,
            "min": 3.794651477983812,
            "max": 23.644381191049302,
            "count": 9
        },
        "BasicAgent.Policy.GailReward.sum": {
            "value": 165.51066833734512,
            "min": 38.33532586693764,
            "max": 209.79110418632627,
            "count": 9
        },
        "BasicAgent.Losses.PolicyLoss.mean": {
            "value": 0.24215655031707314,
            "min": 0.22369470542665415,
            "max": 0.24680042882249925,
            "count": 9
        },
        "BasicAgent.Losses.PolicyLoss.sum": {
            "value": 0.9686262012682926,
            "min": 0.4473894108533083,
            "max": 1.225349325594918,
            "count": 9
        },
        "BasicAgent.Losses.ValueLoss.mean": {
            "value": 2.1054878557806314,
            "min": 2.1054878557806314,
            "max": 185.11866106223704,
            "count": 9
        },
        "BasicAgent.Losses.ValueLoss.sum": {
            "value": 8.421951423122525,
            "min": 8.421951423122525,
            "max": 370.2373221244741,
            "count": 9
        },
        "BasicAgent.Policy.LearningRate.mean": {
            "value": 0.00029676271607909495,
            "min": 0.00029676271607909495,
            "max": 0.00029793654068782,
            "count": 9
        },
        "BasicAgent.Policy.LearningRate.sum": {
            "value": 0.0011870508643163798,
            "min": 0.00059587308137564,
            "max": 0.0014891682036106,
            "count": 9
        },
        "BasicAgent.Policy.Epsilon.mean": {
            "value": 0.198920905,
            "min": 0.198920905,
            "max": 0.19931218000000003,
            "count": 9
        },
        "BasicAgent.Policy.Epsilon.sum": {
            "value": 0.79568362,
            "min": 0.39862436000000007,
            "max": 0.9963894,
            "count": 9
        },
        "BasicAgent.Policy.Beta.mean": {
            "value": 0.0004947124344999999,
            "min": 0.0004947124344999999,
            "max": 0.000496629682,
            "count": 9
        },
        "BasicAgent.Policy.Beta.sum": {
            "value": 0.0019788497379999996,
            "min": 0.000993259364,
            "max": 0.0024823080599999997,
            "count": 9
        },
        "BasicAgent.Policy.GAILPolicyEstimate.mean": {
            "value": 0.20626244573583713,
            "min": 0.20626244573583713,
            "max": 0.33630258031610377,
            "count": 9
        },
        "BasicAgent.Policy.GAILPolicyEstimate.sum": {
            "value": 0.8250497829433485,
            "min": 0.6726051606322075,
            "max": 1.3159733133038056,
            "count": 9
        },
        "BasicAgent.Policy.GAILExpertEstimate.mean": {
            "value": 0.7979266338039044,
            "min": 0.7242793691776143,
            "max": 0.7979266338039044,
            "count": 9
        },
        "BasicAgent.Policy.GAILExpertEstimate.sum": {
            "value": 3.1917065352156175,
            "min": 1.4512506501486073,
            "max": 3.8869015550579693,
            "count": 9
        },
        "BasicAgent.Losses.GAILLoss.mean": {
            "value": 0.5502054904948865,
            "min": 0.5502054904948865,
            "max": 0.8663914292222923,
            "count": 9
        },
        "BasicAgent.Losses.GAILLoss.sum": {
            "value": 2.200821961979546,
            "min": 1.7327828584445846,
            "max": 3.3788412316759064,
            "count": 9
        },
        "BasicAgent.Policy.GAILGradMagLoss.mean": {
            "value": 0.039533294712972775,
            "min": 0.03453082364832977,
            "max": 0.08367442012384793,
            "count": 9
        },
        "BasicAgent.Policy.GAILGradMagLoss.sum": {
            "value": 0.1581331788518911,
            "min": 0.15529345169899755,
            "max": 0.3023042152459005,
            "count": 9
        },
        "BasicAgent.IsTraining.mean": {
            "value": 1.0,
            "min": 1.0,
            "max": 1.0,
            "count": 9
        },
        "BasicAgent.IsTraining.sum": {
            "value": 1.0,
            "min": 1.0,
            "max": 1.0,
            "count": 9
        }
    },
    "metadata": {
        "timer_format_version": "0.1.0",
        "start_time_seconds": "1619004478",
        "python_version": "3.7.9 (tags/v3.7.9:13c94747c7, Aug 17 2020, 18:58:18) [MSC v.1900 64 bit (AMD64)]",
        "command_line_arguments": "C:\\Users\\pablo\\Documents\\Universidad\\TFG\\venv_tfg\\Scripts\\mlagents-learn config/basic_config.yaml --run-id=SelfPlay_FreezeTool_Corridor_14 --resume",
        "mlagents_version": "0.24.0",
        "mlagents_envs_version": "0.24.0",
        "communication_protocol_version": "1.4.0",