{
    "name": "root",
    "gauges": {
        "BasicAgent.Policy.Entropy.mean": {
            "value": 1.7845392227172852,
            "min": 1.7845392227172852,
            "max": 1.7845392227172852,
            "count": 1
        },
        "BasicAgent.Policy.Entropy.sum": {
            "value": 12334.7353515625,
            "min": 12334.7353515625,
            "max": 12334.7353515625,
            "count": 1
        },
        "BasicAgent.Environment.LessonNumber.active_obstacles.mean": {
            "value": 0.0,
            "min": 0.0,
            "max": 0.0,
            "count": 1
        },
        "BasicAgent.Environment.LessonNumber.active_obstacles.sum": {
            "value": 0.0,
            "min": 0.0,
            "max": 0.0,
            "count": 1
        },
        "BasicAgent.Environment.LessonNumber.max_obstacle_speed.mean": {
            "value": 0.0,
            "min": 0.0,
            "max": 0.0,
            "count": 1
        },
        "BasicAgent.Environment.LessonNumber.max_obstacle_speed.sum": {
            "value": 0.0,
            "min": 0.0,
            "max": 0.0,
            "count": 1
        },
        "BasicAgent.Policy.ExtrinsicValueEstimate.mean": {
            "value": -57.33935546875,
            "min": -57.33935546875,
            "max": -57.33935546875,
            "count": 1
        },
        "BasicAgent.Policy.ExtrinsicValueEstimate.sum": {
            "value": -4529.80908203125,
            "min": -4529.80908203125,
            "max": -4529.80908203125,
            "count": 1
        },
        "BasicAgent.Losses.PolicyLoss.mean": {
            "value": 0.2463969362693711,
            "min": 0.2463969362693711,
            "max": 0.2463969362693711,
            "count": 1
        },
        "BasicAgent.Losses.PolicyLoss.sum": {
            "value": 0.7391908088081133,
            "min": 0.7391908088081133,
            "max": 0.7391908088081133,
            "count": 1
        },
        "BasicAgent.Losses.ValueLoss.mean": {
            "value": 3765.8947792583044,
            "min": 3765.8947792583044,
            "max": 3765.8947792583044,
            "count": 1
        },
        "BasicAgent.Losses.ValueLoss.sum": {
            "value": 11297.684337774914,
            "min": 11297.684337774914,
            "max": 11297.684337774914,
            "count": 1
        },
        "BasicAgent.Policy.LearningRate.mean": {
            "value": 0.00029923200025600005,
            "min": 0.00029923200025600005,
            "max": 0.00029923200025600005,
            "count": 1
        },
        "BasicAgent.Policy.LearningRate.sum": {
            "value": 0.0008976960007680002,
            "min": 0.0008976960007680002,
            "max": 0.0008976960007680002,
            "count": 1
        },
        "BasicAgent.Policy.Epsilon.mean": {
            "value": 0.199744,
            "min": 0.199744,
            "max": 0.199744,
            "count": 1
        },
        "BasicAgent.Policy.Epsilon.sum": {
            "value": 0.599232,
            "min": 0.599232,
            "max": 0.599232,
            "count": 1
        },
        "BasicAgent.Policy.Beta.mean": {
            "value": 0.0004987456,
            "min": 0.0004987456,
            "max": 0.0004987456,
            "count": 1
        },
        "BasicAgent.Policy.Beta.sum": {
            "value": 0.0014962368,
            "min": 0.0014962368,
            "max": 0.0014962368,
            "count": 1
        },
        "BasicAgent.Environment.EpisodeLength.mean": {
            "value": 158.0,
            "min": 158.0,
            "max": 158.0,
            "count": 1
        },
        "BasicAgent.Environment.EpisodeLength.sum": {
            "value": 474.0,
            "min": 474.0,
            "max": 474.0,
            "count": 1
        },
        "BasicAgent.Environment.CumulativeReward.mean": {
            "value": -85.4066727956136,
            "min": -85.4066727956136,
            "max": -85.4066727956136,
            "count": 1
        },
        "BasicAgent.Environment.CumulativeReward.sum": {
            "value": -256.2200183868408,
            "min": -256.2200183868408,
            "max": -256.2200183868408,
            "count": 1
        },
        "BasicAgent.Policy.ExtrinsicReward.mean": {
            "value": -85.4066727956136,
            "min": -85.4066727956136,
            "max": -85.4066727956136,
            "count": 1
        },
        "BasicAgent.Policy.ExtrinsicReward.sum": {
            "value": -256.2200183868408,
            "min": -256.2200183868408,
            "max": -256.2200183868408,
            "count": 1
        },
        "BasicAgent.IsTraining.mean": {
            "value": 1.0,
            "min": 1.0,
            "max": 1.0,
            "count": 1
        },
        "BasicAgent.IsTraining.sum": {
            "value": 1.0,
            "min": 1.0,
            "max": 1.0,
            "count": 1
        }
    },
    "metadata": {
        "timer_format_version": "0.1.0",
        "start_time_seconds": "1618911194",
        "python_version": "3.7.9 (tags/v3.7.9:13c94747c7, Aug 17 2020, 18:58:18) [MSC v.1900 64 bit (AMD64)]",
        "command_line_arguments": "C:\\Users\\pablo\\Documents\\Universidad\\TFG\\venv_tfg\\Scripts\\mlagents-learn config/basic_config.yaml --run-id=SelfPlay_FreezeTool_Corridor_2",
        "mlagents_version": "0.24.0",
        "mlagents_envs_version": "0.24.0",
        "communication_protocol_version": "1.4.0",
        "pytorch_version": "1.7.1+cu110",
        "numpy_version": "1.20.1",
        "end_time_seconds": "1618911223"
    },
    "total": 28.5499395,
    "count": 1,
    "self": 0.020696799999999627,
    "children": {
        "run_training.setup": {
            "total": 0.1971065999999999,
            "count": 1,
            "self": 0.1971065999999999
        },
        "TrainerController.start_learning": {
            "total": 28.3321361,
            "count": 1,
            "self": 1.0338212000000233,
            "children": {
                "TrainerController._reset_env": {
                    "total": 4.4095063,
                    "count": 1,
                    "self": 4.4095063
                },
                "TrainerController.advance": {
                    "total": 22.665783399999974,
                    "count": 260,
                    "self": 0.012876299999970087,
                    "children": {
                        "env_step": {
                            "total": 22.652907100000004,
                            "count": 260,
                            "self": 21.737360000000024,
                            "children": {
                                "SubprocessEnvManager._take_step": {
                                    "total": 0.9100197999999917,
                                    "count": 260,
                                    "self": 0.03341259999998947,
                                    "children": {
                                        "TorchPolicy.evaluate": {
                                            "total": 0.8766072000000023,
                                            "count": 252,
                                            "self": 0.19717860000000353,
                                            "children": {
                                                "TorchPolicy.sample_actions": {
                                                    "total": 0.6794285999999987,
                                                    "count": 252,
                                                    "self": 0.6794285999999987
                                                }
                                            }
                                        }
                                    }
                                },
                                "workers": {
                                    "total": 0.005527299999989133,
                                    "count": 259,
                                    "self": 0.0,