{
    "name": "root",
    "gauges": {
        "BasicAgent.Policy.Entropy.mean": {
            "value": 0.7603010535240173,
            "min": 0.5581589341163635,
            "max": 1.5355068445205688,
            "count": 19
        },
        "BasicAgent.Policy.Entropy.sum": {
            "value": 3948.243408203125,
            "min": 2793.02734375,
            "max": 8236.458984375,
            "count": 19
        },
        "BasicAgent.Environment.EpisodeLength.mean": {
            "value": 25.03271028037383,
            "min": 9.44375,
            "max": 25.994764397905758,
            "count": 19
        },
        "BasicAgent.Environment.EpisodeLength.sum": {
            "value": 5357.0,
            "min": 4395.0,
            "max": 5357.0,
            "count": 19
        },
        "BasicAgent.Policy.ExtrinsicValueEstimate.mean": {
            "value": 63.12384796142578,
            "min": 10.587725639343262,
            "max": 88.12279510498047,
            "count": 19
        },
        "BasicAgent.Policy.ExtrinsicValueEstimate.sum": {
            "value": 14897.228515625,
            "min": 2668.10693359375,
            "max": 42122.6953125,
            "count": 19
        },
        "BasicAgent.Environment.CumulativeReward.mean": {
            "value": 67.94564283915929,
            "min": 9.472520658792543,
            "max": 90.09163125888074,
            "count": 19
        },
        "BasicAgent.Environment.CumulativeReward.sum": {
            "value": 14268.58499622345,
            "min": 2292.3499994277954,
            "max": 43063.799741744995,
            "count": 19
        },
        "BasicAgent.Policy.ExtrinsicReward.mean": {
            "value": 67.94564283915929,
            "min": 9.472520658792543,
            "max": 90.09163125888074,
            "count": 19
        },
        "BasicAgent.Policy.ExtrinsicReward.sum": {
            "value": 14268.58499622345,
            "min": 2292.3499994277954,
            "max": 43063.799741744995,
            "count": 19
        },
        "BasicAgent.Losses.PolicyLoss.mean": {
            "value": 0.24436627592931517,
            "min": 0.23673496921124765,
            "max": 0.2605550398748719,
            "count": 19
        },
        "BasicAgent.Losses.PolicyLoss.sum": {
            "value": 2.932395311151782,
            "min": 2.763243034585538,
            "max": 5.848165136850661,
            "count": 19
        },
        "BasicAgent.Losses.ValueLoss.mean": {
            "value": 827.8686750316264,
            "min": 508.0328050070157,
            "max": 1258.7894110964776,
            "count": 19
        },
        "BasicAgent.Losses.ValueLoss.sum": {
            "value": 9934.424100379516,
            "min": 7466.662660186125,
            "max": 24653.80561852097,
            "count": 19
        },
        "BasicAgent.Policy.LearningRate.mean": {
            "value": 0.0002444356185214666,
            "min": 0.0002444356185214666,
            "max": 0.0002987042147176428,
            "count": 19
        },
        "BasicAgent.Policy.LearningRate.sum": {
            "value": 0.002933227422257599,
            "min": 0.0027577777807407996,
            "max": 0.006945660084779999,
            "count": 19
        },
        "BasicAgent.Policy.Epsilon.mean": {
            "value": 0.18147853333333333,
            "min": 0.18147853333333333,
            "max": 0.19956807142857144,
            "count": 19
        },
        "BasicAgent.Policy.Epsilon.sum": {
            "value": 2.1777424,
            "min": 2.0192592,
            "max": 4.71522,
            "count": 19
        },
        "BasicAgent.Policy.Beta.mean": {
            "value": 0.00040924481333333337,
            "min": 0.00040924481333333337,
            "max": 0.00049788355,
            "count": 19
        },
        "BasicAgent.Policy.Beta.sum": {
            "value": 0.00491093776,
            "min": 0.004614370079999999,
            "max": 0.011584578000000002,
            "count": 19
        },
        "BasicAgent.IsTraining.mean": {
            "value": 1.0,
            "min": 1.0,
            "max": 1.0,
            "count": 19
        },
        "BasicAgent.IsTraining.sum": {
            "value": 1.0,
            "min": 1.0,
            "max": 1.0,
            "count": 19
        }
    },
    "metadata": {
        "timer_format_version": "0.1.0",
        "start_time_seconds": "1615799481",
        "python_version": "3.7.9 (tags/v3.7.9:13c94747c7, Aug 17 2020, 18:58:18) [MSC v.1900 64 bit (AMD64)]",
        "command_line_arguments": "C:\\Users\\pablo\\Documents\\Universidad\\TFG\\venv_tfg\\Scripts\\mlagents-learn config/basic_config.yaml --run-id=Basic4Dirs3Obstacles6",
        "mlagents_version": "0.24.0",
        "mlagents_envs_version": "0.24.0",
        "communication_protocol_version": "1.4.0",
        "pytorch_version": "1.7.1+cu110",
        "numpy_version": "1.20.1",
        "end_time_seconds": "1615799908"
    },
    "total": 426.2869156,
    "count": 1,
    "self": 0.01332299999995712,
    "children": {
        "run_training.setup": {
            "total": 0.1509571999999999,
            "count": 1,
            "self": 0.1509571999999999
        },
        "TrainerController.start_learning": {
            "total": 426.12263540000004,
            "count": 1,
            "self": 1.5391940999988378,
            "children": {
                "TrainerController._reset_env": {
                    "total": 5.7366719999999995,
                    "count": 1,
                    "self": 5.7366719999999995
                },
                "TrainerController.advance": {
                    "total": 418.6967588000012,
                    "count": 16005,
                    "self": 0.4125990999998521,
                    "children": {
                        "env_step": {
                            "total": 418.28415970000134,
                            "count": 16005,
                            "self": 378.41784789999707,
                            "children": {
                                "SubprocessEnvManager._take_step": {
                                    "total": 39.44545810000187,
                                    "count": 16005,
                                    "self": 1.2595335000036627,
                                    "children": {
                                        "TorchPolicy.evaluate": {
                                            "total": 38.18592459999821,
                                            "count": 10667,
                                            "self": 9.511836699999009,
                                            "children": {
                                                "TorchPolicy.sample_actions": {
                                                    "total": 28.6740878999992,
                                                    "count": 10667,
                                                    "self": 28.6740878999992
                                                }
                                            }
                                        }
                                    }
                                },
                                "workers": {
                                    "total": 0.42085370000241706,
                                    "count": 16004,
                                    "self": 0.0,
                                    "children": {
                                        "worker_root": {
                                            "total": 418.64824599999866,
                                            "count": 16004,
                                            "is_parallel": true,
                                            "self": 167.02807179999726,
                                            "children": {
                                                "steps_from_proto": {
                                                    "total": 0.00122510000000009,