{
    "name": "root",
    "gauges": {
        "BasicAgent.Policy.Entropy.mean": {
            "value": 0.48548728227615356,
            "min": 0.29872238636016846,
            "max": 1.5906200408935547,
            "count": 479
        },
        "BasicAgent.Policy.Entropy.sum": {
            "value": 2464.33349609375,
            "min": 1344.250732421875,
            "max": 10421.7421875,
            "count": 479
        },
        "BasicAgent.Environment.LessonNumber.active_obstacles.mean": {
            "value": 3.0,
            "min": 0.0,
            "max": 3.0,
            "count": 479
        },
        "BasicAgent.Environment.LessonNumber.active_obstacles.sum": {
            "value": 3.0,
            "min": 0.0,
            "max": 3.0,
            "count": 479
        },
        "BasicAgent.Environment.LessonNumber.max_obstacle_speed.mean": {
            "value": 2.0,
            "min": 0.0,
            "max": 2.0,
            "count": 479
        },
        "BasicAgent.Environment.LessonNumber.max_obstacle_speed.sum": {
            "value": 2.0,
            "min": 0.0,
            "max": 2.0,
            "count": 479
        },
        "BasicAgent.Environment.EpisodeLength.mean": {
            "value": 36.99248120300752,
            "min": 20.625570776255707,
            "max": 63.05769230769231,
            "count": 479
        },
        "BasicAgent.Environment.EpisodeLength.sum": {
            "value": 4920.0,
            "min": 3878.0,
            "max": 6757.0,
            "count": 479
        },
        "BasicAgent.Policy.ExtrinsicValueEstimate.mean": {
            "value": 69.69759368896484,
            "min": -16.59933853149414,
            "max": 77.700439453125,
            "count": 479
        },
        "BasicAgent.Policy.ExtrinsicValueEstimate.sum": {
            "value": 9966.755859375,
            "min": -2523.099365234375,
            "max": 18104.203125,
            "count": 479
        },
        "BasicAgent.Environment.CumulativeReward.mean": {
            "value": 72.83851920233832,
            "min": -27.759129880822222,
            "max": 78.97299355137957,
            "count": 479
        },
        "BasicAgent.Environment.CumulativeReward.sum": {
            "value": 9833.200092315674,
            "min": -3192.2999362945557,
            "max": 17955.60013484955,
            "count": 479
        },
        "BasicAgent.Policy.ExtrinsicReward.mean": {
            "value": 72.83851920233832,
            "min": -27.759129880822222,
            "max": 78.97299355137957,
            "count": 479
        },
        "BasicAgent.Policy.ExtrinsicReward.sum": {
            "value": 9833.200092315674,
            "min": -3192.2999362945557,
            "max": 17955.60013484955,
            "count": 479
        },
        "BasicAgent.Losses.PolicyLoss.mean": {
            "value": 0.24943896954161965,
            "min": 0.2332126572362759,
            "max": 0.2623293621710296,
            "count": 479
        },
        "BasicAgent.Losses.PolicyLoss.sum": {
            "value": 1.7460727867913375,
            "min": 1.3992759434176554,
            "max": 2.6944301829314634,
            "count": 479
        },
        "BasicAgent.Losses.ValueLoss.mean": {
            "value": 367.0440901463856,
            "min": 177.40585763681526,
            "max": 1080.9088570192514,
            "count": 479
        },
        "BasicAgent.Losses.ValueLoss.sum": {
            "value": 2569.308631024699,
            "min": 1313.6835010932343,
            "max": 8647.270856154011,
            "count": 479
        },
        "BasicAgent.Policy.LearningRate.mean": {
            "value": 0.0002282206524978857,
            "min": 0.0002282206524978857,
            "max": 0.000299940195019935,
            "count": 479
        },
        "BasicAgent.Policy.LearningRate.sum": {
            "value": 0.0015975445674852,
            "min": 0.0014368729510423903,
            "max": 0.0032942087119304303,
            "count": 479
        },
        "BasicAgent.Policy.Epsilon.mean": {
            "value": 0.17607354285714288,
            "min": 0.17607354285714288,
            "max": 0.19998006500000004,
            "count": 479
        },
        "BasicAgent.Policy.Epsilon.sum": {
            "value": 1.2325148000000001,
            "min": 1.0789576100000002,
            "max": 2.1980695700000004,
            "count": 479
        },
        "BasicAgent.Policy.Beta.mean": {
            "value": 0.00038276036,
            "min": 0.00038276036,
            "max": 0.0004999023185,
            "count": 479
        },
        "BasicAgent.Policy.Beta.sum": {
            "value": 0.00267932252,
            "min": 0.002406892289,
            "max": 0.005490540893,
            "count": 479
        },
        "BasicAgent.IsTraining.mean": {
            "value": 1.0,
            "min": 1.0,
            "max": 1.0,
            "count": 479
        },
        "BasicAgent.IsTraining.sum": {
            "value": 1.0,
            "min": 1.0,
            "max": 1.0,
            "count": 479
        }
    },
    "metadata": {
        "timer_format_version": "0.1.0",
        "start_time_seconds": "1617969416",
        "python_version": "3.7.9 (tags/v3.7.9:13c94747c7, Aug 17 2020, 18:58:18) [MSC v.1900 64 bit (AMD64)]",
        "command_line_arguments": "C:\\Users\\pablo\\Documents\\Universidad\\TFG\\venv_tfg\\Scripts\\mlagents-learn config/basic_config.yaml --run-id=MovingObstacles_LSTM_2layers_2",
        "mlagents_version": "0.24.0",
        "mlagents_envs_version": "0.24.0",
        "communication_protocol_version": "1.4.0",
        "pytorch_version": "1.7.1+cu110",
        "numpy_version": "1.20.1",
        "end_time_seconds": "1617976469"
    },
    "total": 7053.0441163,
    "count": 1,
    "self": 0.028854499999397376,
    "children": {
        "run_training.setup": {
            "total": 0.15008580000000005,
            "count": 1,
            "self": 0.15008580000000005
        },
        "TrainerController.start_learning": {
            "total": 7052.865176,
            "count": 1,
            "self": 12.805996100159064,
            "children": {
                "TrainerController._reset_env": {
                    "total": 5.096615399999929,
                    "count": 2,
                    "self": 5.096615399999929
                },
                "TrainerController.advance": {
                    "total": 7034.779706299842,
                    "count": 105416,
                    "self": 7.404392999922493,
                    "children": {
                        "env_step": {
                            "total": 7027.375313299919,
                            "count": 105416,
                            "self": 6683.23261939983,
                            "children": {
                                "SubprocessEnvManager._take_step": {
                                    "total": 341.35342190003826,
                                    "count": 105416,
                                    "self": 10.977094800030955,
                                    "children": {
                                        "TorchPolicy.evaluate": {
                                            "total": 330.3763271000073,
                                            "count": 66720,
                                            "self": 74.53547730006045,
                                            "children": {
                                                "TorchPolicy.sample_actions": {
                                                    "total": 255.84084979994685,
                                                    "count": 66720,
                                                    "self": 255.84084979994685
                                                }
                                            }
                                        }
                                    }
                                },