{
    "name": "root",
    "gauges": {
        "BasicAgent.Policy.Entropy.mean": {
            "value": 1.683624505996704,
            "min": 1.683624505996704,
            "max": 1.7858976125717163,
            "count": 6
        },
        "BasicAgent.Policy.Entropy.sum": {
            "value": 17092.15625,
            "min": 16067.962890625,
            "max": 24688.248046875,
            "count": 6
        },
        "BasicAgent.Environment.LessonNumber.active_obstacles.mean": {
            "value": 0.0,
            "min": 0.0,
            "max": 0.0,
            "count": 6
        },
        "BasicAgent.Environment.LessonNumber.active_obstacles.sum": {
            "value": 0.0,
            "min": 0.0,
            "max": 0.0,
            "count": 6
        },
        "BasicAgent.Environment.LessonNumber.max_obstacle_speed.mean": {
            "value": 0.0,
            "min": 0.0,
            "max": 0.0,
            "count": 6
        },
        "BasicAgent.Environment.LessonNumber.max_obstacle_speed.sum": {
            "value": 0.0,
            "min": 0.0,
            "max": 0.0,
            "count": 6
        },
        "BasicAgent.Policy.ExtrinsicValueEstimate.mean": {
            "value": 31.828107833862305,
            "min": -22.626811981201172,
            "max": 35.268531799316406,
            "count": 6
        },
        "BasicAgent.Policy.ExtrinsicValueEstimate.sum": {
            "value": 3628.404296875,
            "min": -1900.6522216796875,
            "max": 3667.92724609375,
            "count": 6
        },
        "BasicAgent.Losses.PolicyLoss.mean": {
            "value": 0.24988962028780018,
            "min": 0.24531146682381091,
            "max": 0.25691243198755304,
            "count": 6
        },
        "BasicAgent.Losses.PolicyLoss.sum": {
            "value": 1.4993377217268011,
            "min": 1.2265573341190545,
            "max": 2.0552994559004243,
            "count": 6
        },
        "BasicAgent.Losses.ValueLoss.mean": {
            "value": 1394.703231050743,
            "min": 412.91704826156257,
            "max": 1394.703231050743,
            "count": 6
        },
        "BasicAgent.Losses.ValueLoss.sum": {
            "value": 8368.219386304458,
            "min": 2457.5040320546555,
            "max": 8368.219386304458,
            "count": 6
        },
        "BasicAgent.Policy.LearningRate.mean": {
            "value": 0.0001345240551586666,
            "min": 0.0001345240551586666,
            "max": 0.000280236006588,
            "count": 6
        },
        "BasicAgent.Policy.LearningRate.sum": {
            "value": 0.0008071443309519996,
            "min": 0.0008071443309519996,
            "max": 0.0020206201264600003,
            "count": 6
        },
        "BasicAgent.Policy.Epsilon.mean": {
            "value": 0.14484133333333335,
            "min": 0.14484133333333335,
            "max": 0.19341200000000003,
            "count": 6
        },
        "BasicAgent.Policy.Epsilon.sum": {
            "value": 0.8690480000000002,
            "min": 0.7740580000000001,
            "max": 1.4735399999999998,
            "count": 6
        },
        "BasicAgent.Policy.Beta.mean": {
            "value": 0.00022972253333333336,
            "min": 0.00022972253333333336,
            "max": 0.00046771879999999994,
            "count": 6
        },
        "BasicAgent.Policy.Beta.sum": {
            "value": 0.0013783352000000001,
            "min": 0.0013783352000000001,
            "max": 0.003380346000000001,
            "count": 6
        },
        "BasicAgent.Environment.EpisodeLength.mean": {
            "value": 58.355555555555554,
            "min": 58.355555555555554,
            "max": 238.36363636363637,
            "count": 6
        },
        "BasicAgent.Environment.EpisodeLength.sum": {
            "value": 10504.0,
            "min": 1418.0,
            "max": 10504.0,
            "count": 6
        },
        "BasicAgent.Self-play.ELO.mean": {
            "value": 1226.3457252274184,
            "min": 1198.2438995288971,
            "max": 1226.3457252274184,
            "count": 6
        },
        "BasicAgent.Self-play.ELO.sum": {
            "value": 110371.11527046765,
            "min": 5997.5,
            "max": 110371.11527046765,
            "count": 6
        },
        "BasicAgent.Environment.CumulativeReward.mean": {
            "value": 44.24162856922593,
            "min": -74.55727930502458,
            "max": 52.317104954468576,
            "count": 6
        },
        "BasicAgent.Environment.CumulativeReward.sum": {
            "value": 3804.78005695343,
            "min": -820.1300723552704,
            "max": 3804.78005695343,
            "count": 6
        },
        "BasicAgent.Policy.ExtrinsicReward.mean": {
            "value": 44.24162856922593,
            "min": -74.55727930502458,
            "max": 52.317104954468576,
            "count": 6
        },
        "BasicAgent.Policy.ExtrinsicReward.sum": {
            "value": 3804.78005695343,
            "min": -820.1300723552704,
            "max": 3804.78005695343,
            "count": 6
        },
        "BasicAgent.IsTraining.mean": {
            "value": 1.0,
            "min": 1.0,
            "max": 1.0,
            "count": 6
        },
        "BasicAgent.IsTraining.sum": {
            "value": 1.0,
            "min": 1.0,
            "max": 1.0,
            "count": 6
        }
    },
    "metadata": {
        "timer_format_version": "0.1.0",
        "start_time_seconds": "1618860985",
        "python_version": "3.7.9 (tags/v3.7.9:13c94747c7, Aug 17 2020, 18:58:18) [MSC v.1900 64 bit (AMD64)]",
        "command_line_arguments": "C:\\Users\\pablo\\Documents\\Universidad\\TFG\\venv_tfg\\Scripts\\mlagents-learn config/basic_config.yaml --run-id=SelfPlay_FreezeTool_OnlyBehind_10",
        "mlagents_version": "0.24.0",
        "mlagents_envs_version": "0.24.0",
        "communication_protocol_version": "1.4.0",
        "pytorch_version": "1.7.1+cu110",
        "numpy_version": "1.20.1",
        "end_time_seconds": "1618861131"
    },
    "total": 145.556229,
    "count": 1,
    "self": 0.027084700000017392,
    "children": {
        "run_training.setup": {
            "total": 0.20723270000000005,
            "count": 1,
            "self": 0.20723270000000005
        },
        "TrainerController.start_learning": {
            "total": 145.3219116,
            "count": 1,
            "self": 1.1059688999999935,
            "children": {
                "TrainerController._reset_env": {
                    "total": 8.353551600000003,
                    "count": 4,
                    "self": 8.353551600000003
                },
                "TrainerController.advance": {
                    "total": 135.59702920000004,
                    "count": 1192,
                    "self": 0.12000619999977857,
                    "children": {
                        "env_step": {
                            "total": 135.47702300000026,
                            "count": 1192,
                            "self": 126.9103203999998,
                            "children": {
                                "SubprocessEnvManager._take_step": {
                                    "total": 8.535343100000437,
                                    "count": 1192,
                                    "self": 0.29875690000035604,
                                    "children": {
                                        "TorchPolicy.evaluate": {
                                            "total": 8.236586200000081,
                                            "count": 1894,
                                            "self": 1.776142400000067,
                                            "children": {
                                                "TorchPolicy.sample_actions": {
                                                    "total": 6.460443800000014,