{
    "name": "root",
    "gauges": {
        "BasicAgent.Policy.Entropy.mean": {
            "value": 0.6260539293289185,
            "min": 0.559051513671875,
            "max": 1.5983655452728271,
            "count": 86
        },
        "BasicAgent.Policy.Entropy.sum": {
            "value": 3358.1533203125,
            "min": 2732.6240234375,
            "max": 10012.162109375,
            "count": 86
        },
        "BasicAgent.Environment.LessonNumber.active_obstacles.mean": {
            "value": 1.0,
            "min": 0.0,
            "max": 1.0,
            "count": 86
        },
        "BasicAgent.Environment.LessonNumber.active_obstacles.sum": {
            "value": 1.0,
            "min": 0.0,
            "max": 1.0,
            "count": 86
        },
        "BasicAgent.Environment.LessonNumber.max_obstacle_speed.mean": {
            "value": 0.0,
            "min": 0.0,
            "max": 0.0,
            "count": 86
        },
        "BasicAgent.Environment.LessonNumber.max_obstacle_speed.sum": {
            "value": 0.0,
            "min": 0.0,
            "max": 0.0,
            "count": 86
        },
        "BasicAgent.Environment.EpisodeLength.mean": {
            "value": 33.95973154362416,
            "min": 33.83076923076923,
            "max": 67.32432432432432,
            "count": 86
        },
        "BasicAgent.Environment.EpisodeLength.sum": {
            "value": 5060.0,
            "min": 4302.0,
            "max": 5595.0,
            "count": 86
        },
        "BasicAgent.Policy.ExtrinsicValueEstimate.mean": {
            "value": 54.40919876098633,
            "min": -17.120162963867188,
            "max": 67.38126373291016,
            "count": 86
        },
        "BasicAgent.Policy.ExtrinsicValueEstimate.sum": {
            "value": 8433.42578125,
            "min": -2722.10595703125,
            "max": 9500.7578125,
            "count": 86
        },
        "BasicAgent.Policy.GailValueEstimate.mean": {
            "value": 0.4718734323978424,
            "min": -0.6605525612831116,
            "max": 3.6385014057159424,
            "count": 86
        },
        "BasicAgent.Policy.GailValueEstimate.sum": {
            "value": 73.140380859375,
            "min": -90.4957046508789,
            "max": 458.451171875,
            "count": 86
        },
        "BasicAgent.Environment.CumulativeReward.mean": {
            "value": 52.441380283750334,
            "min": -25.772726665843617,
            "max": 69.24444498334613,
            "count": 86
        },
        "BasicAgent.Environment.CumulativeReward.sum": {
            "value": 7604.000141143799,
            "min": -3118.4999265670776,
            "max": 8724.800067901611,
            "count": 86
        },
        "BasicAgent.Policy.ExtrinsicReward.mean": {
            "value": 52.441380283750334,
            "min": -25.772726665843617,
            "max": 69.24444498334613,
            "count": 86
        },
        "BasicAgent.Policy.ExtrinsicReward.sum": {
            "value": 7604.000141143799,
            "min": -3118.4999265670776,
            "max": 8724.800067901611,
            "count": 86
        },
        "BasicAgent.Policy.GailReward.mean": {
            "value": 1.181252324375613,
            "min": 0.7019420514991583,
            "max": 2.0682517927336064,
            "count": 86
        },
        "BasicAgent.Policy.GailReward.sum": {
            "value": 171.28158703446388,
            "min": 84.93498823139817,
            "max": 178.13600428402424,
            "count": 86
        },
        "BasicAgent.Losses.PolicyLoss.mean": {
            "value": 0.25200039601834895,
            "min": 0.23905145155635887,
            "max": 0.2637924795844547,
            "count": 86
        },
        "BasicAgent.Losses.PolicyLoss.sum": {
            "value": 2.0160031681467916,
            "min": 1.2468015253796518,
            "max": 2.049314230621035,
            "count": 86
        },
        "BasicAgent.Losses.ValueLoss.mean": {
            "value": 395.1580604767495,
            "min": 62.99110894306396,
            "max": 405.73535561244495,
            "count": 86
        },
        "BasicAgent.Losses.ValueLoss.sum": {
            "value": 3161.264483813996,
            "min": 503.9288715445117,
            "max": 3161.264483813996,
            "count": 86
        },
        "BasicAgent.Policy.LearningRate.mean": {
            "value": 0.00028718184427271995,
            "min": 0.00028718184427271995,
            "max": 0.00029993433752188747,
            "count": 86
        },
        "BasicAgent.Policy.LearningRate.sum": {
            "value": 0.0022974547541817596,
            "min": 0.00149288493237169,
            "max": 0.0023994747001750997,
            "count": 86
        },
        "BasicAgent.Policy.Epsilon.mean": {
            "value": 0.19572728,
            "min": 0.19572728,
            "max": 0.19997811250000003,
            "count": 86
        },
        "BasicAgent.Policy.Epsilon.sum": {
            "value": 1.56581824,
            "min": 0.9976283100000001,
            "max": 1.5998249000000002,
            "count": 86
        },
        "BasicAgent.Policy.Beta.mean": {
            "value": 0.000479063672,
            "min": 0.000479063672,
            "max": 0.00049989275125,
            "count": 86
        },
        "BasicAgent.Policy.Beta.sum": {
            "value": 0.003832509376,
            "min": 0.002488378719,
            "max": 0.00399914201,
            "count": 86
        },
        "BasicAgent.Policy.GAILPolicyEstimate.mean": {
            "value": 0.39193598926392653,
            "min": 0.27785115569414753,
            "max": 0.4331524886903906,
            "count": 86
        },
        "BasicAgent.Policy.GAILPolicyEstimate.sum": {
            "value": 3.1354879141114123,
            "min": 1.6671069341648852,
            "max": 3.2072042860582632,
            "count": 86
        },
        "BasicAgent.Policy.GAILExpertEstimate.mean": {
            "value": 0.608120391855825,
            "min": 0.5743914229213238,
            "max": 0.7068348594990873,
            "count": 86
        },
        "BasicAgent.Policy.GAILExpertEstimate.sum": {
            "value": 4.8649631348466,
            "min": 2.9146348203958743,
            "max": 5.2083646750455355,
            "count": 86
        },
        "BasicAgent.Losses.GAILLoss.mean": {
            "value": 1.102081450578774,
            "min": 0.726441164569655,
            "max": 1.2044669556420737,
            "count": 86
        },
        "BasicAgent.Losses.GAILLoss.sum": {
            "value": 8.816651604630191,
            "min": 4.35864698741793,
            "max": 8.909966147481603,
            "count": 86
        },
        "BasicAgent.Policy.GAILGradMagLoss.mean": {
            "value": 0.03211584902749599,
            "min": 0.020823184485417926,
            "max": 1.8924758419046714,
            "count": 86
        },
        "BasicAgent.Policy.GAILGradMagLoss.sum": {
            "value": 0.25692679221996795,
            "min": 0.12493910691250756,
            "max": 15.139806735237372,
            "count": 86
        },
        "BasicAgent.IsTraining.mean": {
            "value": 1.0,
            "min": 1.0,
            "max": 1.0,
            "count": 86
        },
        "BasicAgent.IsTraining.sum": {
            "value": 1.0,
            "min": 1.0,
            "max": 1.0,
            "count": 86
        }
    },
    "metadata": {
        "timer_format_version": "0.1.0",
        "start_time_seconds": "1618474348",
        "python_version": "3.7.9 (tags/v3.7.9:13c94747c7, Aug 17 2020, 18:58:18) [MSC v.1900 64 bit (AMD64)]",
        "command_line_arguments": "C:\\Users\\pablo\\Documents\\Universidad\\TFG\\venv_tfg\\Scripts\\mlagents-learn config/basic_config.yaml --run-id=MovingObstacles_GAIL_18",
        "mlagents_version": "0.24.0",
        "mlagents_envs_version": "0.24.0",
        "communication_protocol_version": "1.4.0",