{
    "name": "root",
    "gauges": {
        "BasicAgent.Policy.Entropy.mean": {
            "value": 1.533777117729187,
            "min": 1.533777117729187,
            "max": 1.581822395324707,
            "count": 3
        },
        "BasicAgent.Policy.Entropy.sum": {
            "value": 8061.5322265625,
            "min": 7098.64697265625,
            "max": 10648.828125,
            "count": 3
        },
        "BasicAgent.Environment.EpisodeLength.mean": {
            "value": 97.74418604651163,
            "min": 21.59375,
            "max": 97.74418604651163,
            "count": 3
        },
        "BasicAgent.Environment.EpisodeLength.sum": {
            "value": 4203.0,
            "min": 3841.0,
            "max": 4203.0,
            "count": 3
        },
        "BasicAgent.Environment.LessonNumber.active_obstacles.mean": {
            "value": 0.0,
            "min": 0.0,
            "max": 0.0,
            "count": 3
        },
        "BasicAgent.Environment.LessonNumber.active_obstacles.sum": {
            "value": 0.0,
            "min": 0.0,
            "max": 0.0,
            "count": 3
        },
        "BasicAgent.Environment.LessonNumber.max_obstacle_speed.mean": {
            "value": 0.0,
            "min": 0.0,
            "max": 0.0,
            "count": 3
        },
        "BasicAgent.Environment.LessonNumber.max_obstacle_speed.sum": {
            "value": 0.0,
            "min": 0.0,
            "max": 0.0,
            "count": 3
        },
        "BasicAgent.Policy.ExtrinsicValueEstimate.mean": {
            "value": 16.01565170288086,
            "min": -18.336936950683594,
            "max": 16.01565170288086,
            "count": 3
        },
        "BasicAgent.Policy.ExtrinsicValueEstimate.sum": {
            "value": 1633.596435546875,
            "min": -3979.115234375,
            "max": 1633.596435546875,
            "count": 3
        },
        "BasicAgent.Policy.CuriosityValueEstimate.mean": {
            "value": -0.2391374409198761,
            "min": -0.6155791878700256,
            "max": -0.023645320907235146,
            "count": 3
        },
        "BasicAgent.Policy.CuriosityValueEstimate.sum": {
            "value": -24.392019271850586,
            "min": -133.5806884765625,
            "max": -2.600985288619995,
            "count": 3
        },
        "BasicAgent.Environment.CumulativeReward.mean": {
            "value": 23.518636421723798,
            "min": -30.925464260122165,
            "max": 23.518636421723798,
            "count": 3
        },
        "BasicAgent.Environment.CumulativeReward.sum": {
            "value": 1034.8200025558472,
            "min": -5659.359959602356,
            "max": 1034.8200025558472,
            "count": 3
        },
        "BasicAgent.Policy.ExtrinsicReward.mean": {
            "value": 23.518636421723798,
            "min": -30.925464260122165,
            "max": 23.518636421723798,
            "count": 3
        },
        "BasicAgent.Policy.ExtrinsicReward.sum": {
            "value": 1034.8200025558472,
            "min": -5659.359959602356,
            "max": 1034.8200025558472,
            "count": 3
        },
        "BasicAgent.Policy.CuriosityReward.mean": {
            "value": 2.886675817169827e-06,
            "min": 6.8526778024967e-07,
            "max": 2.95683412705773e-06,
            "count": 3
        },
        "BasicAgent.Policy.CuriosityReward.sum": {
            "value": 0.00012701373595547238,
            "min": 0.0001254040037856896,
            "max": 0.00017445321349640608,
            "count": 3
        },
        "BasicAgent.Losses.PolicyLoss.mean": {
            "value": 0.2538106811425205,
            "min": 0.25322084365727165,
            "max": 0.25923660870088894,
            "count": 3
        },
        "BasicAgent.Losses.PolicyLoss.sum": {
            "value": 1.2690534057126024,
            "min": 1.2661042182863582,
            "max": 2.592366087008889,
            "count": 3
        },
        "BasicAgent.Losses.ValueLoss.mean": {
            "value": 214.09532833353427,
            "min": 49.47252587281249,
            "max": 214.09532833353427,
            "count": 3
        },
        "BasicAgent.Losses.ValueLoss.sum": {
            "value": 1070.4766416676714,
            "min": 494.7252587281249,
            "max": 1070.4766416676714,
            "count": 3
        },
        "BasicAgent.Policy.LearningRate.mean": {
            "value": 0.00029963222412259194,
            "min": 0.00029963222412259194,
            "max": 0.00029994190201936596,
            "count": 3
        },
        "BasicAgent.Policy.LearningRate.sum": {
            "value": 0.0014981611206129597,
            "min": 0.0014981611206129597,
            "max": 0.0029994190201936594,
            "count": 3
        },
        "BasicAgent.Policy.Epsilon.mean": {
            "value": 0.199877408,
            "min": 0.199877408,
            "max": 0.19998063400000002,
            "count": 3
        },
        "BasicAgent.Policy.Epsilon.sum": {
            "value": 0.99938704,
            "min": 0.99938704,
            "max": 1.9998063400000001,
            "count": 3
        },
        "BasicAgent.Policy.Beta.mean": {
            "value": 0.0004993992992000002,
            "min": 0.0004993992992000002,
            "max": 0.0004999051066,
            "count": 3
        },
        "BasicAgent.Policy.Beta.sum": {
            "value": 0.0024969964960000006,
            "min": 0.0024969964960000006,
            "max": 0.004999051066000001,
            "count": 3
        },
        "BasicAgent.Losses.CuriosityForwardLoss.mean": {
            "value": 0.2829541945089886,
            "min": 0.26281561873906656,
            "max": 0.5934503787554447,
            "count": 3
        },
        "BasicAgent.Losses.CuriosityForwardLoss.sum": {
            "value": 1.414770972544943,
            "min": 1.3140780936953327,
            "max": 5.934503787554447,
            "count": 3
        },
        "BasicAgent.Losses.CuriosityInverseLoss.mean": {
            "value": 0.7330890769900955,
            "min": 0.5775144580719975,
            "max": 1.2418738320576916,
            "count": 3
        },
        "BasicAgent.Losses.CuriosityInverseLoss.sum": {
            "value": 3.665445384950478,
            "min": 2.8875722903599876,
            "max": 12.418738320576917,
            "count": 3
        },
        "BasicAgent.IsTraining.mean": {
            "value": 1.0,
            "min": 1.0,
            "max": 1.0,
            "count": 3
        },
        "BasicAgent.IsTraining.sum": {
            "value": 1.0,
            "min": 1.0,
            "max": 1.0,
            "count": 3
        }
    },
    "metadata": {
        "timer_format_version": "0.1.0",
        "start_time_seconds": "1619201328",
        "python_version": "3.7.9 (tags/v3.7.9:13c94747c7, Aug 17 2020, 18:58:18) [MSC v.1900 64 bit (AMD64)]",
        "command_line_arguments": "C:\\Users\\pablo\\Documents\\Universidad\\TFG\\venv_tfg\\Scripts\\mlagents-learn config/basic_config.yaml --run-id=SelfPlay_Flag_NoTool_SingleWFlag_6",
        "mlagents_version": "0.24.0",
        "mlagents_envs_version": "0.24.0",
        "communication_protocol_version": "1.4.0",
        "pytorch_version": "1.7.1+cu110",
        "numpy_version": "1.20.1",
        "end_time_seconds": "1619201474"
    },
    "total": 145.65922,
    "count": 1,
    "self": 0.01848900000001663,
    "children": {
        "run_training.setup": {
            "total": 0.19254269999999996,
            "count": 1,
            "self": 0.19254269999999996
        },
        "TrainerController.start_learning": {
            "total": 145.4481883,
            "count": 1,
            "self": 1.1107571000001144,
            "children": {
                "TrainerController._reset_env": {
                    "total": 6.002351099999999,
                    "count": 1,
                    "self": 6.002351099999999
                },