{
    "name": "root",
    "gauges": {
        "BasicAgent.Policy.Entropy.mean": {
            "value": 0.6013960838317871,
            "min": 0.394879013299942,
            "max": 1.593054175376892,
            "count": 22
        },
        "BasicAgent.Policy.Entropy.sum": {
            "value": 3090.574462890625,
            "min": 1989.4974365234375,
            "max": 8430.4423828125,
            "count": 22
        },
        "BasicAgent.Environment.LessonNumber.active_obstacles.mean": {
            "value": 2.0,
            "min": 0.0,
            "max": 2.0,
            "count": 22
        },
        "BasicAgent.Environment.LessonNumber.active_obstacles.sum": {
            "value": 2.0,
            "min": 0.0,
            "max": 2.0,
            "count": 22
        },
        "BasicAgent.Environment.LessonNumber.max_obstacle_speed.mean": {
            "value": 2.0,
            "min": 0.0,
            "max": 2.0,
            "count": 22
        },
        "BasicAgent.Environment.LessonNumber.max_obstacle_speed.sum": {
            "value": 2.0,
            "min": 0.0,
            "max": 2.0,
            "count": 22
        },
        "BasicAgent.Environment.EpisodeLength.mean": {
            "value": 18.625482625482626,
            "min": 13.994117647058824,
            "max": 48.95,
            "count": 22
        },
        "BasicAgent.Environment.EpisodeLength.sum": {
            "value": 4824.0,
            "min": 4439.0,
            "max": 5065.0,
            "count": 22
        },
        "BasicAgent.Policy.ExtrinsicValueEstimate.mean": {
            "value": 54.576438903808594,
            "min": -4.5686516761779785,
            "max": 89.14167022705078,
            "count": 22
        },
        "BasicAgent.Policy.ExtrinsicValueEstimate.sum": {
            "value": 13698.6865234375,
            "min": -639.6112060546875,
            "max": 29260.646484375,
            "count": 22
        },
        "BasicAgent.Environment.CumulativeReward.mean": {
            "value": 56.49800005722046,
            "min": -17.220832486947376,
            "max": 94.57052994405987,
            "count": 22
        },
        "BasicAgent.Environment.CumulativeReward.sum": {
            "value": 14124.500014305115,
            "min": -1653.1999187469482,
            "max": 30113.800082206726,
            "count": 22
        },
        "BasicAgent.Policy.ExtrinsicReward.mean": {
            "value": 56.49800005722046,
            "min": -17.220832486947376,
            "max": 94.57052994405987,
            "count": 22
        },
        "BasicAgent.Policy.ExtrinsicReward.sum": {
            "value": 14124.500014305115,
            "min": -1653.1999187469482,
            "max": 30113.800082206726,
            "count": 22
        },
        "BasicAgent.Losses.PolicyLoss.mean": {
            "value": 0.24708113135415388,
            "min": 0.23924888369323866,
            "max": 0.26331155707596254,
            "count": 22
        },
        "BasicAgent.Losses.PolicyLoss.sum": {
            "value": 3.2120547076040005,
            "min": 1.7682411230998591,
            "max": 4.236129524902326,
            "count": 22
        },
        "BasicAgent.Losses.ValueLoss.mean": {
            "value": 1882.0703238553813,
            "min": 247.27452607105786,
            "max": 1882.0703238553813,
            "count": 22
        },
        "BasicAgent.Losses.ValueLoss.sum": {
            "value": 24466.914210119958,
            "min": 2408.9760863574966,
            "max": 24466.914210119958,
            "count": 22
        },
        "BasicAgent.Policy.LearningRate.mean": {
            "value": 0.00023545857535996927,
            "min": 0.00023545857535996927,
            "max": 0.00029874908613125714,
            "count": 22
        },
        "BasicAgent.Policy.LearningRate.sum": {
            "value": 0.0030609614796796004,
            "min": 0.0020912436029188,
            "max": 0.004565540578153199,
            "count": 22
        },
        "BasicAgent.Policy.Epsilon.mean": {
            "value": 0.17848618461538462,
            "min": 0.17848618461538462,
            "max": 0.1995830285714286,
            "count": 22
        },
        "BasicAgent.Policy.Epsilon.sum": {
            "value": 2.3203204,
            "min": 1.3970812000000001,
            "max": 3.2218468,
            "count": 22
        },
        "BasicAgent.Policy.Beta.mean": {
            "value": 0.0003945823046153846,
            "min": 0.0003945823046153846,
            "max": 0.00049795684,
            "count": 22
        },
        "BasicAgent.Policy.Beta.sum": {
            "value": 0.00512956996,
            "min": 0.0034856978800000002,
            "max": 0.007627049320000002,
            "count": 22
        },
        "BasicAgent.IsTraining.mean": {
            "value": 1.0,
            "min": 1.0,
            "max": 1.0,
            "count": 22
        },
        "BasicAgent.IsTraining.sum": {
            "value": 1.0,
            "min": 1.0,
            "max": 1.0,
            "count": 22
        }
    },
    "metadata": {
        "timer_format_version": "0.1.0",
        "start_time_seconds": "1617471443",
        "python_version": "3.7.9 (tags/v3.7.9:13c94747c7, Aug 17 2020, 18:58:18) [MSC v.1900 64 bit (AMD64)]",
        "command_line_arguments": "C:\\Users\\pablo\\Documents\\Universidad\\TFG\\venv_tfg\\Scripts\\mlagents-learn config/basic_config.yaml --run-id=MovingObstaclesNoLSTM16",
        "mlagents_version": "0.24.0",
        "mlagents_envs_version": "0.24.0",
        "communication_protocol_version": "1.4.0",
        "pytorch_version": "1.7.1+cu110",
        "numpy_version": "1.20.1",
        "end_time_seconds": "1617471995"
    },
    "total": 552.0165937999999,
    "count": 1,
    "self": 0.03247439999984181,
    "children": {
        "run_training.setup": {
            "total": 0.1842767999999999,
            "count": 1,
            "self": 0.1842767999999999
        },
        "TrainerController.start_learning": {
            "total": 551.7998426,
            "count": 1,
            "self": 4.93241780000119,
            "children": {
                "TrainerController._reset_env": {
                    "total": 3.9253223000000004,
                    "count": 1,
                    "self": 3.9253223000000004
                },
                "TrainerController.advance": {
                    "total": 542.7162178999988,
                    "count": 17797,
                    "self": 1.2460583999983328,
                    "children": {
                        "env_step": {
                            "total": 541.4701595000005,
                            "count": 17797,
                            "self": 489.3216813000014,
                            "children": {
                                "SubprocessEnvManager._take_step": {
                                    "total": 51.586720100000534,
                                    "count": 17797,
                                    "self": 1.7292756000053728,
                                    "children": {
                                        "TorchPolicy.evaluate": {
                                            "total": 49.85744449999516,
                                            "count": 12439,
                                            "self": 12.470534099993394,
                                            "children": {
                                                "TorchPolicy.sample_actions": {
                                                    "total": 37.38691040000177,
                                                    "count": 12439,
                                                    "self": 37.38691040000177
                                                }
                                            }
                                        }
                                    }
                                },