{
    "name": "root",
    "gauges": {
        "BasicAgent.Policy.Entropy.mean": {
            "value": 0.2035517692565918,
            "min": 0.13870573043823242,
            "max": 0.3465117812156677,
            "count": 194
        },
        "BasicAgent.Policy.Entropy.sum": {
            "value": 1831.9659423828125,
            "min": 1358.20654296875,
            "max": 3747.80419921875,
            "count": 194
        },
        "BasicAgent.Environment.LessonNumber.max_obstacle_speed.mean": {
            "value": 0.0,
            "min": 0.0,
            "max": 0.0,
            "count": 194
        },
        "BasicAgent.Environment.LessonNumber.max_obstacle_speed.sum": {
            "value": 0.0,
            "min": 0.0,
            "max": 0.0,
            "count": 194
        },
        "BasicAgent.Environment.EpisodeLength.mean": {
            "value": 124.44,
            "min": 27.77173913043478,
            "max": 436.4642857142857,
            "count": 194
        },
        "BasicAgent.Environment.EpisodeLength.sum": {
            "value": 6222.0,
            "min": 426.0,
            "max": 24442.0,
            "count": 194
        },
        "BasicAgent.Self-play.ELO.mean": {
            "value": 1211.6199104093077,
            "min": 1185.5808673114134,
            "max": 1222.1078260988968,
            "count": 194
        },
        "BasicAgent.Self-play.ELO.sum": {
            "value": 29078.877849823388,
            "min": 8472.676247785774,
            "max": 179088.42058378458,
            "count": 194
        },
        "BasicAgent.Policy.ExtrinsicValueEstimate.mean": {
            "value": -0.21718312799930573,
            "min": -0.5080872178077698,
            "max": 0.0503922738134861,
            "count": 194
        },
        "BasicAgent.Policy.ExtrinsicValueEstimate.sum": {
            "value": -19.76366424560547,
            "min": -62.49472427368164,
            "max": 7.4076642990112305,
            "count": 194
        },
        "BasicAgent.Environment.CumulativeReward.mean": {
            "value": -0.5742222589475138,
            "min": -2.3354075573108815,
            "max": 0.11535848930196942,
            "count": 194
        },
        "BasicAgent.Environment.CumulativeReward.sum": {
            "value": -15.50400099158287,
            "min": -63.0560040473938,
            "max": 10.244000107049942,
            "count": 194
        },
        "BasicAgent.Policy.ExtrinsicReward.mean": {
            "value": -0.5742222589475138,
            "min": -2.3354075573108815,
            "max": 0.11535848930196942,
            "count": 194
        },
        "BasicAgent.Policy.ExtrinsicReward.sum": {
            "value": -15.50400099158287,
            "min": -63.0560040473938,
            "max": 10.244000107049942,
            "count": 194
        },
        "BasicAgent.Losses.PolicyLoss.mean": {
            "value": 0.24907631647081555,
            "min": 0.20683410045131173,
            "max": 0.2671672400135083,
            "count": 194
        },
        "BasicAgent.Losses.PolicyLoss.sum": {
            "value": 0.9963052658832622,
            "min": 0.9031709236435748,
            "max": 2.0037291276379516,
            "count": 194
        },
        "BasicAgent.Losses.ValueLoss.mean": {
            "value": 0.12993304217257173,
            "min": 0.029590331942286524,
            "max": 15.821185316489105,
            "count": 194
        },
        "BasicAgent.Losses.ValueLoss.sum": {
            "value": 0.5197321686902869,
            "min": 0.13522710614656322,
            "max": 94.92711189893463,
            "count": 194
        },
        "BasicAgent.Policy.LearningRate.mean": {
            "value": 0.00010117524627494001,
            "min": 0.00010117524627494001,
            "max": 0.00013009319663562,
            "count": 194
        },
        "BasicAgent.Policy.LearningRate.sum": {
            "value": 0.00040470098509976004,
            "min": 0.00040470098509976004,
            "max": 0.00103861002379681,
            "count": 194
        },
        "BasicAgent.Policy.Epsilon.mean": {
            "value": 0.13372506000000003,
            "min": 0.13372506000000003,
            "max": 0.14336438,
            "count": 194
        },
        "BasicAgent.Policy.Epsilon.sum": {
            "value": 0.5349002400000001,
            "min": 0.5349002400000001,
            "max": 1.14620319,
            "count": 194
        },
        "BasicAgent.Policy.Beta.mean": {
            "value": 0.000175252794,
            "min": 0.000175252794,
            "max": 0.00022248546200000002,
            "count": 194
        },
        "BasicAgent.Policy.Beta.sum": {
            "value": 0.000701011176,
            "min": 0.000701011176,
            "max": 0.0017763956310000001,
            "count": 194
        },
        "BasicAgent.IsTraining.mean": {
            "value": 1.0,
            "min": 1.0,
            "max": 1.0,
            "count": 194
        },
        "BasicAgent.IsTraining.sum": {
            "value": 1.0,
            "min": 1.0,
            "max": 1.0,
            "count": 194
        }
    },
    "metadata": {
        "timer_format_version": "0.1.0",
        "start_time_seconds": "1619194786",
        "python_version": "3.7.9 (tags/v3.7.9:13c94747c7, Aug 17 2020, 18:58:18) [MSC v.1900 64 bit (AMD64)]",
        "command_line_arguments": "C:\\Users\\pablo\\Documents\\Universidad\\TFG\\venv_tfg\\Scripts\\mlagents-learn config/basic_config.yaml --run-id=SelfPlay_Flag_NoTool_Multi_4 --resume",
        "mlagents_version": "0.24.0",
        "mlagents_envs_version": "0.24.0",
        "communication_protocol_version": "1.4.0",
        "pytorch_version": "1.7.1+cu110",
        "numpy_version": "1.20.1",
        "end_time_seconds": "1619199559"
    },
    "total": 4773.867411300001,
    "count": 1,
    "self": 0.01513720000093599,
    "children": {
        "run_training.setup": {
            "total": 0.15137829999999997,
            "count": 1,
            "self": 0.15137829999999997
        },
        "TrainerController.start_learning": {
            "total": 4773.7008958,
            "count": 1,
            "self": 3.8035346000351637,
            "children": {
                "TrainerController._reset_env": {
                    "total": 12.555376899999633,
                    "count": 11,
                    "self": 12.555376899999633
                },
                "TrainerController.advance": {
                    "total": 4757.341984299965,
                    "count": 39449,
                    "self": 2.163833099931253,
                    "children": {
                        "env_step": {
                            "total": 4754.935698200033,
                            "count": 39449,
                            "self": 4497.2278853001,
                            "children": {
                                "SubprocessEnvManager._take_step": {
                                    "total": 256.6163955000029,
                                    "count": 39449,
                                    "self": 9.135071400039237,
                                    "children": {
                                        "TorchPolicy.evaluate": {
                                            "total": 247.48132409996367,
                                            "count": 54254,
                                            "self": 52.198671399977,
                                            "children": {
                                                "TorchPolicy.sample_actions": {
                                                    "total": 195.28265269998667,
                                                    "count": 54254,