{
    "name": "root",
    "metadata": {
        "timer_format_version": "0.1.0",
        "start_time_seconds": "1618244316",
        "python_version": "3.7.9 (tags/v3.7.9:13c94747c7, Aug 17 2020, 18:58:18) [MSC v.1900 64 bit (AMD64)]",
        "command_line_arguments": "C:\\Users\\pablo\\Documents\\Universidad\\TFG\\venv_tfg\\Scripts\\mlagents-learn config/basic_config.yaml --run-id=MovingObstacles_GAIL_10",
        "mlagents_version": "0.24.0",
        "mlagents_envs_version": "0.24.0",
        "communication_protocol_version": "1.4.0",
        "pytorch_version": "1.7.1+cu110",
        "numpy_version": "1.20.1",
        "end_time_seconds": "1618244361"
    },
    "total": 44.8968007,
    "count": 1,
    "self": 0.031208599999999365,
    "children": {
        "run_training.setup": {
            "total": 0.3165287000000001,
            "count": 1,
            "self": 0.3165287000000001
        },
        "TrainerController.start_learning": {
            "total": 44.5490634,
            "count": 1,
            "self": 0.22920729999999878,
            "children": {
                "TrainerController._reset_env": {
                    "total": 44.296917300000004,
                    "count": 1,
                    "self": 10.714416900000003,
                    "children": {
                        "demo_to_buffer": {
                            "total": 33.5825004,
                            "count": 1,
                            "self": 5.850000000151567e-05,
                            "children": {
                                "load_demonstration": {
                                    "total": 0.45413240000000066,
                                    "count": 1,
                                    "self": 0.4386024000000006,
                                    "children": {
                                        "read_file": {
                                            "total": 0.015530000000000044,
                                            "count": 1,
                                            "self": 0.015530000000000044
                                        }
                                    }
                                },
                                "make_demo_buffer": {
                                    "total": 33.1283095,
                                    "count": 1,
                                    "self": 4.922216499999937,
                                    "children": {
                                        "steps_from_proto": {
                                            "total": 28.206093000000063,
                                            "count": 66066,
                                            "self": 14.49968379999845,
                                            "children": {
                                                "_process_vector_observation": {
                                                    "total": 13.706409200001612,
                                                    "count": 396391,
                                                    "self": 13.706409200001612
                                                }
                                            }
                                        }
                                    }
                                }
                            }
                        }
                    }
                },
                "trainer_threads": {
                    "total": 3.900000002943216e-06,
                    "count": 1,
                    "self": 3.900000002943216e-06
                },
                "TrainerController._save_models": {
                    "total": 0.02293489999999565,
                    "count": 1,
                    "self": 0.0035883999999981597,
                    "children": {
                        "RLTrainer._checkpoint": {
                            "total": 0.01934649999999749,
                            "count": 1,
                            "self": 0.01934649999999749
                        }
                    }
                }
            }
        }
    }
}