{
    "name": "root",
    "gauges": {
        "BasicAgent.Policy.Entropy.mean": {
            "value": 0.1360897570848465,
            "min": 0.13222645223140717,
            "max": 1.5899893045425415,
            "count": 24
        },
        "BasicAgent.Policy.Entropy.sum": {
            "value": 665.0706176757812,
            "min": 659.2810668945312,
            "max": 8958.0,
            "count": 24
        },
        "BasicAgent.Environment.LessonNumber.active_obstacles.mean": {
            "value": 1.0,
            "min": 0.0,
            "max": 1.0,
            "count": 24
        },
        "BasicAgent.Environment.LessonNumber.active_obstacles.sum": {
            "value": 1.0,
            "min": 0.0,
            "max": 1.0,
            "count": 24
        },
        "BasicAgent.Environment.LessonNumber.max_obstacle_speed.mean": {
            "value": 0.0,
            "min": 0.0,
            "max": 0.0,
            "count": 24
        },
        "BasicAgent.Environment.LessonNumber.max_obstacle_speed.sum": {
            "value": 0.0,
            "min": 0.0,
            "max": 0.0,
            "count": 24
        },
        "BasicAgent.Environment.EpisodeLength.mean": {
            "value": 12.620498614958448,
            "min": 12.20159151193634,
            "max": 107.72916666666667,
            "count": 24
        },
        "BasicAgent.Environment.EpisodeLength.sum": {
            "value": 4556.0,
            "min": 4437.0,
            "max": 5171.0,
            "count": 24
        },
        "BasicAgent.Policy.ExtrinsicValueEstimate.mean": {
            "value": 80.56519317626953,
            "min": -19.860210418701172,
            "max": 83.15958404541016,
            "count": 24
        },
        "BasicAgent.Policy.ExtrinsicValueEstimate.sum": {
            "value": 29567.42578125,
            "min": -2482.5263671875,
            "max": 30104.181640625,
            "count": 24
        },
        "BasicAgent.Environment.CumulativeReward.mean": {
            "value": 76.0708446866485,
            "min": -32.28823429556454,
            "max": 80.90173410404624,
            "count": 24
        },
        "BasicAgent.Environment.CumulativeReward.sum": {
            "value": 27918.0,
            "min": -2744.499915122986,
            "max": 28372.0,
            "count": 24
        },
        "BasicAgent.Policy.ExtrinsicReward.mean": {
            "value": 76.0708446866485,
            "min": -32.28823429556454,
            "max": 80.90173410404624,
            "count": 24
        },
        "BasicAgent.Policy.ExtrinsicReward.sum": {
            "value": 27918.0,
            "min": -2744.499915122986,
            "max": 28372.0,
            "count": 24
        },
        "BasicAgent.Losses.PolicyLoss.mean": {
            "value": 0.23800518108261182,
            "min": 0.2305659753265611,
            "max": 0.25386842578692737,
            "count": 24
        },
        "BasicAgent.Losses.PolicyLoss.sum": {
            "value": 4.284093259487013,
            "min": 1.2473527182336615,
            "max": 4.60893130296916,
            "count": 24
        },
        "BasicAgent.Losses.ValueLoss.mean": {
            "value": 432.2466273238807,
            "min": 130.32760256283868,
            "max": 1017.6958497115469,
            "count": 24
        },
        "BasicAgent.Losses.ValueLoss.sum": {
            "value": 7780.439291829853,
            "min": 912.2932179398707,
            "max": 16283.13359538475,
            "count": 24
        },
        "BasicAgent.Policy.LearningRate.mean": {
            "value": 0.00028236750587749994,
            "min": 0.00028236750587749994,
            "max": 0.0002997166286658857,
            "count": 24
        },
        "BasicAgent.Policy.LearningRate.sum": {
            "value": 0.005082615105794999,
            "min": 0.0014945332518222498,
            "max": 0.005535937404687549,
            "count": 24
        },
        "BasicAgent.Policy.Epsilon.mean": {
            "value": 0.19412250000000003,
            "min": 0.19412250000000003,
            "max": 0.19990554285714293,
            "count": 24
        },
        "BasicAgent.Policy.Epsilon.sum": {
            "value": 3.4942050000000004,
            "min": 0.99817775,
            "max": 3.7453124500000006,
            "count": 24
        },
        "BasicAgent.Policy.Beta.mean": {
            "value": 0.00047120025,
            "min": 0.00047120025,
            "max": 0.0004995371600000001,
            "count": 24
        },
        "BasicAgent.Policy.Beta.sum": {
            "value": 0.0084816045,
            "min": 0.0024910709750000006,
            "max": 0.009232031004999999,
            "count": 24
        },
        "BasicAgent.IsTraining.mean": {
            "value": 1.0,
            "min": 1.0,
            "max": 1.0,
            "count": 24
        },
        "BasicAgent.IsTraining.sum": {
            "value": 1.0,
            "min": 1.0,
            "max": 1.0,
            "count": 24
        }
    },
    "metadata": {
        "timer_format_version": "0.1.0",
        "start_time_seconds": "1617811466",
        "python_version": "3.7.9 (tags/v3.7.9:13c94747c7, Aug 17 2020, 18:58:18) [MSC v.1900 64 bit (AMD64)]",
        "command_line_arguments": "C:\\Users\\pablo\\Documents\\Universidad\\TFG\\venv_tfg\\Scripts\\mlagents-learn config/basic_config.yaml --run-id=MovingObstaclesLSTM_EP10_2",
        "mlagents_version": "0.24.0",
        "mlagents_envs_version": "0.24.0",
        "communication_protocol_version": "1.4.0",
        "pytorch_version": "1.7.1+cu110",
        "numpy_version": "1.20.1",
        "end_time_seconds": "1617812170"
    },
    "total": 703.7493142,
    "count": 1,
    "self": 0.025631299999986368,
    "children": {
        "run_training.setup": {
            "total": 0.22470140000000005,
            "count": 1,
            "self": 0.22470140000000005
        },
        "TrainerController.start_learning": {
            "total": 703.4989815,
            "count": 1,
            "self": 5.992903799993655,
            "children": {
                "TrainerController._reset_env": {
                    "total": 12.3712913,
                    "count": 1,
                    "self": 12.3712913
                },
                "TrainerController.advance": {
                    "total": 684.9122842000063,
                    "count": 20195,
                    "self": 1.314880900014714,
                    "children": {
                        "env_step": {
                            "total": 683.5974032999916,
                            "count": 20195,
                            "self": 623.1542805999904,
                            "children": {
                                "SubprocessEnvManager._take_step": {
                                    "total": 59.84325630000122,
                                    "count": 20195,
                                    "self": 1.921097799999906,
                                    "children": {
                                        "TorchPolicy.evaluate": {
                                            "total": 57.922158500001316,
                                            "count": 13574,
                                            "self": 14.183707700003062,
                                            "children": {
                                                "TorchPolicy.sample_actions": {
                                                    "total": 43.738450799998255,
                                                    "count": 13574,
                                                    "self": 43.738450799998255
                                                }
                                            }
                                        }
                                    }
                                },
                                "workers": {
                                    "total": 0.5998663999999252,